sequence_idx,time_step,time_seconds,pred_Pitch(градусы),pred_Roll(градусы),pred_Vertical(Метр),pred_Velocity.Pitching(°/мин),pred_Velocity.Rolling(°/мин),actual_Pitch(градусы),error_Pitch(градусы),actual_Roll(градусы),error_Roll(градусы),actual_Vertical(Метр),error_Vertical(Метр),actual_Velocity.Pitching(°/мин),error_Velocity.Pitching(°/мин),actual_Velocity.Rolling(°/мин),error_Velocity.Rolling(°/мин)
2182,0,0.0,0.0008394186,-0.012970721,-0.06364601,0.8548374,4.547082,0.000894,-5.458138478547339e-05,-0.135261,0.12229027865087985,-0.016451,-0.04719501105451584,-0.032445,0.8872824176025391,-0.79412,5.3412019473266605
2182,1,1.0,0.0076045175,0.108769394,-0.10264916,0.78780806,4.460062,0.000625,0.006979517508298159,-0.157533,0.2663023944573403,0.043994,-0.14664315972948075,-0.013301,0.8011090606460571,-2.508469,6.968531026977539
2182,2,2.0,0.010710972,0.18543707,0.00036864728,0.43441907,2.9052315,0.000773,0.009937972361266614,-0.218288,0.4037250683431626,0.24697,-0.2466013527226448,0.024175,0.41024406571388244,-2.585656,5.490887475830078
2182,3,3.0,0.00811191,0.20320474,0.12940727,0.07488685,-0.14024372,0.001297,0.006814909963190556,-0.252407,0.45561173611354827,0.087889,0.041518271742820745,0.033694,0.041192851012706755,-1.281326,1.141082276011467
2182,4,4.0,0.0038936972,0.16825774,0.1666195,-0.11814,-2.849325,0.001738,0.0021556971686780453,-0.248099,0.41635674312019344,-0.14164,0.30825949455738066,0.01531,-0.13344999712467193,1.966452,-4.815776941635132
2182,5,5.0,0.00096734136,0.11021865,0.09918735,-0.11374899,-3.843011,0.001675,-0.0007076586412265897,-0.195087,0.3053056515927315,-0.090314,0.18950135176324845,-0.021767,-0.09198198999929427,3.69717,-7.540180902404785
2182,6,6.0,0.00021587184,0.06436794,0.0074213706,0.010461459,-2.8885612,0.001129,-0.0009131281583532691,-0.137523,0.20189094251203538,0.116132,-0.10871062940430641,-0.046156,0.05661745893633366,3.870216,-6.758777248779297
2182,7,7.0,0.0002938871,0.049985074,-0.027340122,0.14401725,-0.90565723,0.000566,-0.00027211289609223603,-0.096674,0.1466590735068321,0.219529,-0.2468691215672493,-0.053137,0.1971542493457794,3.473502,-4.379159231807709
2182,8,8.0,-0.000106194406,0.06348152,0.00848525,0.21259995,0.7636455,-0.000479,0.00037280559418350457,-0.030869,0.09435051713609696,0.110746,-0.10226074982500076,-0.023417,0.2360169480485916,1.77597,-1.0123244702529908
2182,9,9.0,-0.0006628067,0.08822314,0.06820776,0.21313757,1.3385949,-0.00053,-0.00013280667670071127,-0.022913,0.11113613696146012,0.048821,0.019386763135433194,0.01882,0.19431756704330444,-1.182855,2.521449913482666
2182,10,10.0,-0.00057139504,0.10792907,0.09811339,0.18830027,0.930239,0.000204,-0.0007753950376957655,-0.079568,0.1874970732741356,0.023654,0.07445938782310485,0.067639,0.12066126686191558,-5.504356,6.434595021778106
2182,11,11.0,0.0002849152,0.115648605,0.0828701,0.17327836,0.17667876,0.001621,-0.0013360847921147943,-0.187081,0.30272960492944717,-0.022021,0.10489110341882706,0.096577,0.07670136155891419,-6.827645,7.004323761839867
2182,12,12.0,0.0013788481,0.11435176,0.04820454,0.17367582,-0.3264474,0.002816,-0.0014371518989875912,-0.260598,0.3749497568707466,0.041074,0.007130541206359864,0.08603,0.08764582023143769,-4.70693,4.380482602529526
2182,13,13.0,0.0019805701,0.110541314,0.028246514,0.17627056,-0.4011307,0.00397,-0.001989429855048656,-0.30962,0.42016131388664246,0.063444,-0.03519748550081253,0.010463,0.16580755943012238,0.010377,-0.41150770607185366
2182,14,14.0,0.0017595472,0.108077966,0.0348755,0.16887869,-0.2496632,0.00349,-0.0017304528418555856,-0.289087,0.3971649656767845,-0.046608,0.08148350094723701,-0.064056,0.2329346894083023,2.136509,-2.386172203954697
2182,15,15.0,0.0010549448,0.10701684,0.054512948,0.15348871,-0.13491136,0.002008,-0.0009530551802292464,-0.249732,0.35674883908700944,-0.148837,0.20334994779777527,-0.105492,0.2589807105226517,2.163225,-2.298136358356476
2182,16,16.0,0.0004689925,0.105945155,0.06669663,0.14261162,-0.14437252,0.000319,0.000149992511741817,-0.234584,0.3405291550245285,-0.001328,0.0680246289281845,-0.093188,0.23579962281036376,-0.570595,0.42622247716903683
2182,17,17.0,0.00033660175,0.10439039,0.06307764,0.14479645,-0.19785568,-0.000687,0.0010236017481312157,-0.270841,0.37523139021730423,0.246485,-0.1834073564863205,-0.032657,0.1774534459657669,-3.594333,3.396477318819046
2182,18,18.0,0.00057222054,0.10327168,0.051113427,0.15689701,-0.1907231,-0.000753,0.0013252205387428403,-0.313953,0.4172246780900955,0.329805,-0.27869157331466676,0.018319,0.13857800841903686,-3.724623,3.5338998937349317
2182,19,19.0,0.0008581345,0.10360597,0.043365885,0.16869786,-0.10898657,0.000469,0.0003891344736739993,-0.35246,0.4560659707403183,-0.011647,0.05501288457226753,0.067174,0.10152386381721497,0.998244,-1.10723057143116
2182,20,20.0,0.0009544777,0.105259344,0.04540434,0.17229933,-0.026623253,0.001416,-0.00046152230145782226,-0.306935,0.4121943439817429,-0.27413,0.3195343410718441,0.040804,0.131495325466156,4.15189,-4.178513252779245
2182,21,21.0,0.00086614967,0.10703548,0.052985556,0.16769548,-0.016514678,0.001664,-0.0007978503314182161,-0.224978,0.33201348043966294,-0.081252,0.13423755642366408,-0.008217,0.17591247760486603,5.289745,-5.306259677554369
2182,22,22.0,0.0007518226,0.10776085,0.058272913,0.1608769,-0.08038092,0.001218,-0.0004661773952022194,-0.155726,0.2634868466148377,0.182133,-0.12386008690166472,-0.038001,0.19887789995765687,2.951896,-3.032276916595459
2182,23,23.0,0.0007348497,0.10720852,0.057403803,0.15755114,-0.15854166,0.00072,1.484971653670068e-05,-0.141343,0.24855152017402649,0.157653,-0.10024919712829589,-0.033631,0.19118213959312438,-0.634625,0.47608333551883697
2182,24,24.0,0.000809912,0.10609964,0.05270608,0.15882987,-0.1909635,0.000457,0.00035291198774427176,-0.20977,0.31586964281320573,-0.078534,0.13124008142018317,0.013498,0.14533186783981322,-5.25028,5.059316493301392
2182,25,25.0,0.00088570605,0.10534975,0.049102664,0.1618629,-0.165871,0.001023,-0.00013729395433515314,-0.291129,0.39647874932670596,-0.086612,0.13571466399383544,0.046354,0.11550889489269256,-3.880277,3.7144060056705475
2182,26,26.0,0.000889087,0.10533903,0.049287923,0.16339724,-0.1181034,0.001801,-0.0009119130205586553,-0.326894,0.432233027941227,0.117897,-0.06860907731962204,0.039868,0.12352923765850067,-0.346947,0.22884360012722016
2182,27,27.0,0.00082787767,0.10578949,0.052075393,0.1625615,-0.089844465,0.002164,-0.0013361223341301085,-0.302022,0.407811490044117,0.257688,-0.2056126065020561,0.002029,0.16053250603294372,3.159955,-3.2497994652557374
2182,28,28.0,0.00076534937,0.106184214,0.05443724,0.16085866,-0.09555212,0.001795,-0.0010296506332978606,-0.23353,0.3397142143535614,0.078063,-0.023625761276960366,-0.043085,0.20394366093635558,4.71784,-4.813392116632461
2182,29,29.0,0.00075230806,0.10624164,0.05452843,0.16013761,-0.11883095,0.001205,-0.0004526919433102011,-0.186537,0.2927786434288025,-0.116307,0.17083543010425567,-0.060516,0.2206536086473465,3.733257,-3.8520879490680695
2182,30,30.0,0.00078712695,0.106055215,0.052904814,0.16086797,-0.13484234,-2e-05,0.0008071269481256605,-0.180987,0.28704221500110627,-0.145223,0.19812781448173522,-0.028181,0.18904897416210176,-3.691571,3.5567286638221742
2182,31,31.0,0.0008299503,0.10588998,0.05140176,0.16209856,-0.13285965,3.8e-05,0.0007919503242596983,-0.267888,0.3737779834752083,0.216556,-0.1651542395708561,0.031821,0.13027755675697328,-5.843623,5.710763352725983
2182,32,32.0,0.0008448359,0.105899796,0.05124664,0.16265598,-0.12067954,0.000936,-9.116411419957875e-05,-0.351481,0.4573807958898544,0.371072,-0.31982536065888406,0.066308,0.09634797939491271,-3.841417,3.7207374575777052
2182,33,33.0,0.0008282255,0.106029406,0.05219827,0.16221194,-0.1124029,0.001925,-0.0010967744851484895,-0.385137,0.4911664061899185,0.070818,-0.01861973152685166,0.0554,0.10681193969249725,-0.569727,0.45732409894657133
2182,34,34.0,0.0008030237,0.10612624,0.053151906,0.16136478,-0.11449428,0.002446,-0.0016429763068482278,-0.365715,0.47184124138593675,-0.22489,0.27804190553665165,0.014576,0.14678877887630462,3.008037,-3.122531279026985
2182,35,35.0,0.000792374,0.10610286,0.05330272,0.16090341,-0.12248291,0.002385,-0.001592625980488956,-0.316561,0.42266386146402357,-0.222981,0.27628372018909453,-0.027651,0.18855440912342072,5.259954,-5.382436910752296
2182,36,36.0,0.0008006358,0.10600009,0.052740376,0.16109866,-0.12781212,0.000877,-7.636421792954202e-05,-0.207429,0.3134290881552696,0.248374,-0.1956336235573292,-0.072349,0.2334476590385437,1.155016,-1.2828281173381806
2182,37,37.0,0.00081523147,0.10592045,0.052130908,0.16161278,-0.12635386,-5e-05,0.0008652314694598317,-0.238666,0.3445864488992691,0.398853,-0.34672209222602846,-0.032993,0.19460577890205383,-4.324325,4.197971140098572
2182,38,38.0,0.0008218844,0.10592519,0.05200009,0.16193952,-0.12086995,-8.5e-05,0.0009068843722715974,-0.325501,0.43142618746852873,0.206626,-0.15462590952014924,0.023933,0.13800651666355132,-5.472668,5.35179805053997
2182,39,39.0,0.0008170976,0.10599123,0.05232931,0.16186814,-0.11690697,0.000646,0.0001710976070687175,-0.401478,0.5074692294149399,-0.026058,0.07838730928468704,0.057561,0.1043071401014328,-3.695588,3.5786810292606352
2182,40,40.0,0.00080815086,0.1060506,0.052718516,0.16157447,-0.117376655,0.00137,-0.000561849143244326,-0.431812,0.5378626030917167,-0.059019,0.11173751643919945,0.057127,0.10444746801662445,-1.359981,1.2426043446598054
2182,41,41.0,0.0008038498,0.10605855,0.052825354,0.16136596,-0.12075968,0.002183,-0.001379150223724544,-0.397115,0.5031735528612137,-0.034075,0.08690035403966903,0.007937,0.15342895606803894,5.191018,-5.311777680867195
2182,42,42.0,0.0008066507,0.10602342,0.052636605,0.16139339,-0.12353733,0.001813,-0.001006349271081388,-0.28092,0.3869434233736992,-0.063311,0.11594760475611687,-0.04576,0.2071533891057968,6.529616,-6.653153331819534
2182,43,43.0,0.00081234693,0.105986126,0.052390493,0.16156554,-0.123615876,0.000854,-4.1653069384396126e-05,-0.21932,0.32530612576723095,-0.027935,0.08032549345254898,-0.058802,0.22036754222106933,0.4092,-0.5328158758401871
2182,44,44.0,0.0008153982,0.10597732,0.052308448,0.16169651,-0.1217054,0.000185,0.0006303981762006878,-0.258933,0.36491031918096545,0.142483,-0.09017455234098434,-0.027119,0.18881550852680207,-4.704581,4.582875602036476
2182,45,45.0,0.0008138978,0.105995595,0.05241458,0.16168442,-0.11993931,0.000131,0.0006828978155329823,-0.34355,0.4495455954551697,0.241874,-0.18945941882038117,0.014837,0.14684742368507386,-5.76041,5.640470687661171
2182,46,46.0,0.0008103106,0.106017455,0.052568566,0.16157946,-0.119734615,0.000474,0.0003363105938062072,-0.407911,0.5139284554586411,0.176331,-0.12376243394589423,0.038668,0.12291145990562438,-4.641385,4.5216503849124905
2182,47,47.0,0.000808169,0.10602349,0.052628353,0.16149548,-0.12081204,0.00155,-0.0007418309824541211,-0.465342,0.5713654904289245,-0.146645,0.19927335323810577,0.037679,0.12381647696113587,0.567061,-0.6878730435476303
2182,48,48.0,0.00080887193,0.10601277,0.05256951,0.1614981,-0.12189977,0.001874,-0.00106512806674093,-0.399763,0.5057757690434456,-0.106473,0.15904250855255125,-0.00024,0.16173809956550597,7.151645,-7.273544768710137
2182,49,49.0,0.0008110354,0.105999574,0.052473847,0.16156188,-0.122076705,0.001499,-0.0006879646044000982,-0.279611,0.38561057406520843,0.01743,0.035043846822977065,-0.036552,0.19811387653541565,5.832409,-5.954485705098152
2182,50,50.0,0.00081248477,0.105995595,0.052431583,0.16161856,-0.121444374,0.000878,-6.551523364335297e-05,-0.237791,0.34378659545516965,0.045426,0.0070055834045410145,-0.039213,0.20083156055259704,-0.083866,-0.03757837432289124
2182,51,51.0,0.0008122021,0.10600193,0.05246365,0.16162145,-0.12075809,0.000466,0.0003462021099552512,-0.27283,0.3788319284486771,0.034007,0.018456650703430173,-0.019209,0.18083045137786866,-4.286527,4.165768913557053
2182,52,52.0,0.0008109048,0.10601056,0.05252286,0.1615826,-0.12061687,0.000502,0.0003089047776088119,-0.381095,0.4871055636715889,0.086,-0.033477139532566064,0.01905,0.14253260405063628,-4.877545,4.756928131861686
2182,53,53.0,0.00080996996,0.10601351,0.052552193,0.1615464,-0.12099372,0.000953,-0.0001430300374254584,-0.441343,0.5473565066509247,0.160054,-0.10750180659675598,0.02935,0.13219639422893525,-2.109866,1.988872281495094
2182,54,54.0,0.0008100715,0.10600992,0.052535184,0.1615414,-0.12143643,0.001375,-0.0005649285232648253,-0.437317,0.5433269229216575,0.003179,0.04935618372774124,0.0187,0.1428414023399353,3.054363,-3.175799432003975
2182,55,55.0,0.00081085775,0.106004186,0.052498657,0.1615641,-0.12155545,0.001468,-0.0006571422541812061,-0.340106,0.44611018597459795,-0.158901,0.2113996572563648,-0.005433,0.16699709680843353,7.250427,-7.37198244757843
2182,56,56.0,0.00081145565,0.106001854,0.052478544,0.1615868,-0.1213333,0.001219,-0.0004075443450883031,-0.245092,0.35109385394287107,-0.035979,0.08845754441404342,-0.021499,0.18308580617809295,4.898428,-5.019761301067352
2182,57,57.0,0.000811434,0.10600389,0.0524873,0.1615914,-0.121048465,0.000942,-0.00013056599833816292,-0.210038,0.31604188795137406,0.164971,-0.1124837011537552,-0.023454,0.18504539573574066,1.05862,-1.1796684653711318
2182,58,58.0,0.00081095553,0.10600747,0.05250968,0.16157815,-0.12095484,0.000603,0.00020795553468912838,-0.26302,0.36902747168064115,0.426948,-0.374438319609642,-0.003104,0.16468214860343933,-4.424482,4.303527158624649
2182,59,59.0,0.0008105425,0.106009096,0.052523248,0.16156371,-0.12107544,0.000716,9.454249312728649e-05,-0.337126,0.4431350959072113,0.144778,-0.09225475210237502,0.013154,0.1484097093782425,-3.922038,3.8009625635271074
2182,60,60.0,0.0008105425,0.10600809,0.052518975,0.16156057,-0.12125474,0.001012,-0.00020145750687271366,-0.380315,0.48632309007883073,-0.257107,0.3096259749896526,0.018917,0.1426435652332306,-0.965224,0.8439692578544616
2182,61,61.0,0.00081083237,0.106005974,0.05250532,0.16156791,-0.12131663,0.001272,-0.0004611676327213644,-0.346211,0.4522169741139412,-0.318692,0.37119732180070875,0.010982,0.15058591150569917,5.332111,-5.453427626667977
2182,62,62.0,0.00081109337,0.106005095,0.052496333,0.16157643,-0.12125157,0.001299,-0.00048790662956982853,-0.262928,0.36893309494543075,-0.110747,0.16324333267521857,-0.002198,0.16377443496990204,6.507004,-6.628255568198204
2182,63,63.0,0.0008111078,0.10600559,0.052498277,0.16157892,-0.12114923,0.001069,-0.00025789219406992204,-0.172467,0.2784725866837502,0.298485,-0.24598672272324562,-0.014967,0.17654592346382142,1.508207,-1.6293562270231248
2182,64,64.0,0.0008109483,0.10600686,0.05250653,0.16157526,-0.12110162,0.000863,-5.205168306082492e-05,-0.196672,0.30267886073303224,0.251189,-0.19868247120523452,-0.008449,0.17002425777816774,-4.098338,3.9772363821868897
2182,65,65.0,0.0008107744,0.10600764,0.05251248,0.16156974,-0.121138126,0.000855,-4.422560755163428e-05,-0.290126,0.3961336430439949,-0.024709,0.07722148180866241,0.004157,0.157412744348526,-6.4981,6.376961874341965
2182,66,66.0,0.00081075996,0.106007226,0.05251177,0.16156764,-0.12120555,0.001017,-0.00020624004305154074,-0.361798,0.4678052258114815,-0.036368,0.0888797702782154,0.011206,0.15036164328479767,-1.906487,1.7852814465875626
2182,67,67.0,0.000810854,0.10600639,0.052506793,0.16157001,-0.12123491,0.001183,-0.0003721459794715047,-0.374568,0.48057439134645463,0.161947,-0.10944020670962334,0.008738,0.1528320125694275,-0.553528,0.4322930913000107
2182,68,68.0,0.00081096997,0.10600588,0.052502863,0.16157381,-0.12121032,0.001264,-0.000453030029810965,-0.385194,0.4911998772563934,0.202066,-0.1495631368908882,0.004484,0.15708981236553193,-1.303346,1.1821356782159804
2182,69,69.0,0.00081098464,0.10600625,0.05250299,0.16157499,-0.12116985,0.001279,-0.00046801536148041484,-0.442648,0.5486542497854232,-0.155901,0.20840398976898195,-0.00379,0.16536498955726622,-3.249999,3.128829149769783
2182,70,70.0,0.0008109339,0.10600667,0.05250593,0.16157316,-0.12115002,0.001206,-0.00039506611856073145,-0.48242,0.5884266670179368,-0.347334,0.3998399290230274,-0.005559,0.1671321567144394,-1.259256,1.138105983215332
2182,71,71.0,0.00081086496,0.10600688,0.052508444,0.16157079,-0.12116113,0.001116,-0.000305135036431253,-0.484356,0.590362883084774,-0.06273,0.11523844359397888,-0.005451,0.16702178742980958,0.921662,-1.0428231330509186
2182,72,72.0,0.0008108214,0.106006764,0.052508537,0.16156948,-0.12118572,0.001007,-0.0001961785757616163,-0.445497,0.5515037638754845,0.318776,-0.26626746327376366,-0.00656,0.16812947612762452,3.995085,-4.116270719966888
2182,73,73.0,0.0008108615,0.10600659,0.05250682,0.16157092,-0.12120159,0.000892,-8.113852889090776e-05,-0.366453,0.4724595925121307,0.331678,-0.2791711806325912,-0.007225,0.16879592154026032,7.274421,-7.39562258970356
2182,74,74.0,0.000810912,0.106006294,0.052505255,0.16157237,-0.12119524,0.000786,2.4911995358765102e-05,-0.27477,0.3807762944889069,0.128634,-0.0761287452545166,-0.006354,0.16792636695289612,7.851149,-7.972344241808892
2182,75,75.0,0.00081091945,0.106006466,0.052505095,0.16157329,-0.121177,0.000723,8.791944593936204e-05,-0.147593,0.25359946585226056,-0.379859,0.43236409455800057,0.005191,0.15638229082489014,1.085458,-1.20663500278759
2182,76,76.0,0.0008109048,0.10600664,0.05250614,0.16157316,-0.12116985,0.000882,-7.109522239118812e-05,-0.176137,0.2821436372156143,-0.093737,0.14624314136457445,0.012076,0.1494971567144394,-3.705334,3.584164149769783
2182,77,77.0,0.00081089034,0.10600688,0.05250711,0.16157185,-0.1211762,0.001108,-0.00029710965789109473,-0.242304,0.348310883084774,0.360415,-0.30790789005994795,0.012021,0.14955084541225433,-3.699234,3.5780578018751146
2182,78,78.0,0.0008108722,0.106006764,0.052507244,0.16157146,-0.121187314,0.00127,-0.00045912781868129976,-0.289409,0.3954157638754845,0.437278,-0.3847707559494972,0.005795,0.1557764579820633,-2.132443,2.0112556856088637
2182,79,79.0,0.0008108831,0.10600669,0.052506633,0.16157119,-0.12119445,0.001303,-0.0004921168756410479,-0.306494,0.4125006893696785,0.188216,-0.13570936689710617,-0.000318,0.16188918976116182,-0.748062,0.626867547952652
2182,80,80.0,0.00081089034,0.10600656,0.05250601,0.16157185,-0.12119207,0.001205,-0.0003941096578910946,-0.277971,0.3839775627098084,-0.39912,0.45162601097941396,-0.006205,0.16777684541225432,3.811135,-3.932327067861557
2182,81,81.0,0.0008109048,0.10600639,0.05250588,0.16157277,-0.121187314,0.00109,-0.0002790952223911882,-0.190437,0.2964433913464546,-0.313682,0.36618788059425356,-0.004476,0.16604876928424836,5.654173,-5.775360314391136
2182,82,82.0,0.00081089756,0.10600644,0.052506268,0.16157316,-0.12117858,0.001019,-0.00020810244014114136,-0.134176,0.2401824435005188,0.172593,-0.12008673197555542,-0.002557,0.1641301567144394,0.485731,-0.6069095823106766
2182,83,83.0,0.00081089756,0.10600656,0.052506696,0.16157237,-0.12118018,0.000995,-0.00018410244014114142,-0.177861,0.28386756270980834,0.401331,-0.3488243035671711,-0.001942,0.16351436695289612,-4.989219,4.868038823265076
2182,84,84.0,0.00081089034,0.10600659,0.0525067,0.16157198,-0.121177,0.00098,-0.00016910965789109465,-0.255195,0.36120159251213074,0.201864,-0.1493572998418808,-0.003135,0.16470697952270508,-5.286037,5.16485999721241
2182,85,85.0,0.00081089407,0.10600656,0.052506495,0.16157079,-0.121181756,0.000955,-0.00014410593260079623,-0.307678,0.41368456270980836,-0.071734,0.12424049526715279,-0.003506,0.16507678742980958,-3.694732,3.5735502437419893
2182,86,86.0,0.0008108831,0.10600656,0.05250625,0.16157132,-0.121181756,0.000934,-0.000123116875641048,-0.350149,0.45615556270980834,-0.298104,0.35061024939799307,0.001597,0.15997432387161256,0.191305,-0.31248675625801087
2182,87,87.0,0.00081089034,0.10600654,0.05250625,0.16157223,-0.121177,0.000984,-0.00017310965789109475,-0.317332,0.42333854035806656,0.008383,0.044123249397993086,0.005282,0.15629023284244536,4.008302,-4.12947900278759
2182,88,88.0,0.0008109048,0.10600671,0.0525064,0.16157264,-0.12117541,0.001077,-0.0002660952223911882,-0.218407,0.3244137117214203,0.19397,-0.14146360159039498,0.009282,0.1522906351737976,6.715902,-6.837077408363342
2182,89,89.0,0.000810912,0.10600664,0.05250654,0.16157106,-0.12118651,0.001226,-0.00041508800464123497,-0.139271,0.24527763721561432,0.097617,-0.04511046002936363,0.009555,0.15201605565071105,2.070354,-2.1915405097284317
2182,90,90.0,0.00081089756,0.10600654,0.052506555,0.16157119,-0.12118493,0.001309,-0.0004981024401411415,-0.145133,0.25113954035806657,-0.02849,0.08099655487179756,0.004024,0.1575471897611618,-2.392836,2.271651069794655
2182,91,91.0,0.00081089034,0.10600642,0.05250645,0.16157079,-0.121187314,0.001278,-0.00046710965789109474,-0.246013,0.35201942114877705,-0.084946,0.1374524505636692,-0.009817,0.17138778742980956,-5.567683,5.4464956856088635
2182,92,92.0,0.00081088685,0.10600642,0.052506335,0.16157106,-0.12118493,0.001073,-0.00026211315035074944,-0.320104,0.426110421148777,0.11754,-0.06503366492033005,-0.015661,0.17723205565071107,-3.067915,2.946730069794655
2182,93,93.0,0.00081089407,0.10600639,0.0525063,0.16157185,-0.12117937,0.000832,-2.110593260079617e-05,-0.347492,0.45349839134645464,0.196624,-0.14411769844794273,-0.012666,0.17423784541225434,-0.300103,0.17892362792778016
2182,94,94.0,0.00081089034,0.10600652,0.0525064,0.16157158,-0.12117779,0.000707,0.00010389034210890537,-0.322026,0.42803251800632475,-0.038616,0.09112239840960502,-0.00034,0.16191157719135285,3.759354,-3.8805317925491334
2182,95,95.0,0.0008108831,0.106006615,0.05250651,0.16157185,-0.12117937,0.000797,1.388312435895208e-05,-0.234836,0.3408426148638725,-0.227809,0.280315510168314,0.014613,0.14695884541225435,6.74117,-6.86234937207222
2182,96,96.0,0.0008108759,0.10600659,0.05250647,0.16157211,-0.12118335,0.000991,-0.00018012409339100113,-0.163392,0.2693985925121307,-0.198983,0.2514894691901207,0.022735,0.13883711363315582,5.568811,-5.689994350682259
2182,97,97.0,0.0008109048,0.10600652,0.05250638,0.16157185,-0.121182546,0.001493,-0.0006820952223911881,-0.121092,0.22709851800632477,0.283851,-0.23134462021684649,0.013758,0.14781384541225434,-2.468087,2.346904453980446
2182,98,98.0,0.0008109048,0.10600659,0.052506328,0.16157237,-0.121182546,0.001561,-0.0007500952223911882,-0.196323,0.30232959251213076,0.435488,-0.38298167237091063,-0.008337,0.16990936695289613,-5.686806,5.565623453980446
2182,99,99.0,0.000810912,0.10600656,0.05250638,0.16157237,-0.12118335,0.001288,-0.00047708800464123496,-0.282807,0.3888135627098083,0.16978,-0.11727362021684645,-0.024574,0.1861463669528961,-4.18516,4.063976649317741
2971,0,0.0,0.021146499,0.34971735,0.20046628,-0.59825236,-3.8107476,0.002765,0.0183814986205101,0.576303,-0.2265856511859894,0.182063,0.018403275215148923,-0.005039,-0.5932133560523987,10.654233,-14.464980623443603
2971,1,1.0,0.00478075,0.20645256,0.25354075,-0.94722545,-8.067946,0.002463,0.0023177497903704644,0.688683,-0.4822304365949631,0.177716,0.07582475431823729,-0.029439,-0.9177864514694214,2.956658,-11.024604434020997
2971,2,2.0,-0.007392776,0.05166425,0.16024622,-0.81927353,-8.4815035,0.001667,-0.00905977619868517,0.629468,-0.5778037481658459,0.130741,0.029505223211288456,-0.060698,-0.7585755314369201,-8.81377,0.3322665133666991
2971,3,3.0,-0.009613823,-0.04844515,0.007939506,-0.37688923,-5.763787,0.000787,-0.010400823145627975,0.483115,-0.5315601502561569,0.17325,-0.16531049367785453,-0.076095,-0.30079422882080076,-12.226467,6.462680207244873
2971,4,4.0,-0.005749634,-0.07105631,-0.064972006,0.0727006,-1.2441924,-0.000215,-0.005534634001404047,0.322947,-0.3940033063621521,0.271872,-0.33684400578451157,-0.07356,0.14626059734582902,-10.830193,9.586000638168334
2971,5,5.0,-0.0011226445,-0.028309213,-0.010935672,0.3249287,2.7883327,-0.001359,0.00023635547963529822,0.079075,-0.10738421299755574,0.102422,-0.11335767162752151,-0.027992,0.3529207009239197,-10.644157,13.43248970072937
2971,6,6.0,0.0027152123,0.04750673,0.10081043,0.346997,4.545904,-0.001425,0.004140212292969227,-0.076005,0.12351173100352288,-0.223701,0.32451143094396595,0.013701,0.3332959928264618,-7.171322,11.717226159545898
2971,7,7.0,0.006193727,0.11881973,0.16645278,0.23628683,3.8213634,-0.000949,0.007142726789206267,-0.118705,0.2375247284936905,-0.379739,0.546191780365944,0.050598,0.18568883388233184,1.225541,2.59582244909668
2971,8,8.0,0.009027978,0.1599236,0.14288872,0.10096259,1.7602987,0.000374,0.008653978405356408,-0.004892,0.16481559817028046,-0.185504,0.32839272480392456,0.088194,0.012768586700916296,8.804856,-7.044557271057128
2971,9,9.0,0.010510635,0.16794099,0.07270862,-0.0035263116,-0.09950796,0.001439,0.009071634630918504,0.094588,0.07335298913669586,0.144951,-0.0722423783788681,0.087977,-0.09150331160058081,6.753061,-6.852568957696914
2971,10,10.0,0.009997942,0.15594487,0.027031172,-0.06859953,-0.88377553,0.002798,0.007199941553592682,0.137969,0.017975868922233573,0.500832,-0.4738008279330731,0.02842,-0.09701952956438065,-2.125046,1.2412704677543642
2971,11,11.0,0.007548318,0.1387073,0.036644176,-0.106817044,-0.7360695,0.002779,0.004769317778855562,0.086971,0.05173629506015777,0.197826,-0.16118182435131073,-0.02935,-0.07746704431772232,-3.109605,2.3735354995536806
2971,12,12.0,0.0044298074,0.12541665,0.0768998,-0.12272574,-0.26852524,0.002021,0.002408807420819998,0.045287,0.08012965136814118,-0.20142,0.27831979672431945,-0.062737,-0.05998874007511139,-2.405821,2.137295757194519
2971,13,13.0,0.0022581937,0.11893614,0.10355858,-0.10634019,0.07843734,0.001286,0.0009721936791539192,0.016888,0.10204813636493683,-0.349793,0.4533515775971413,-0.070793,-0.03554719225835801,-2.92352,3.001957343239784
2971,14,14.0,0.0017979172,0.1182726,0.09618814,-0.05800865,0.22754215,8e-06,0.0017899171825572849,-0.035262,0.153534602558136,-0.169557,0.26574514289569856,-0.05077,-0.007238648455142972,-0.840167,1.0677091470403672
2971,15,15.0,0.0026771468,0.121582635,0.07039644,-0.00036837545,0.30928424,-0.000483,0.0031601468110382556,-0.013145,0.13472763474702834,0.081179,-0.010782561758995057,-0.018121,0.017752624552421273,5.234204,-4.9249197599926
2971,16,16.0,0.0038873744,0.12706286,0.05476809,0.037725523,0.40762404,-8.8e-05,0.003975374419718981,0.214862,-0.0877991428489685,0.202944,-0.1481759107949734,0.052667,-0.014941476885795592,11.160538,-10.752913963926316
2971,17,17.0,0.004622114,0.13256073,0.061725672,0.041660286,0.45642936,0.000958,0.0036641138909459113,0.348784,-0.21622327001953123,-0.068654,0.1303796723344326,0.070555,-0.028894713513851172,4.010726,-3.554296637702942
2971,18,18.0,0.0047682268,0.13586742,0.080206886,0.019272344,0.3612393,0.001847,0.0029212267613708976,0.347408,-0.2115405831413269,-0.182911,0.26311788593387603,0.04855,-0.029277655813097957,-3.412099,3.7733383140792847
2971,19,19.0,0.004673275,0.1357413,0.09102091,-0.007861158,0.1455898,0.002278,0.002395275165259838,0.247188,-0.11144670656967162,0.06806,0.02296091193199158,-0.004793,-0.00306815787923336,-6.237843,6.383432798688888
2971,20,20.0,0.0046499246,0.13275437,0.08591436,-0.022575887,-0.051367473,0.002008,0.0026419245800077917,0.173467,-0.04071262942981721,0.33357,-0.24765564150333402,-0.037948,0.015372113079905513,-5.027618,4.9762505271427635
2971,21,21.0,0.004730263,0.12901,0.07264709,-0.022533765,-0.09714921,0.000921,0.0038092627936005593,0.072704,0.056306006785392756,0.453647,-0.3809999127240181,-0.058997,0.03646323493731022,-4.43397,4.3368207918119435
2971,22,22.0,0.0047472683,0.12667577,0.06455527,-0.016268281,0.020550083,5e-05,0.004697268278151751,0.028723,0.09795276968669892,0.030355,0.034200272459983826,-0.042289,0.026020718733906746,0.139662,-0.11911191663098336
2971,23,23.0,0.0045867986,0.126601,0.06748113,-0.012649763,0.19327725,-0.000318,0.0049047986045777795,0.091887,0.03471399565982819,-0.48296,0.5504411303615571,-0.000194,-0.012455763375520706,7.349801,-7.1565237452993395
2971,24,24.0,0.0043348735,0.12810643,0.07635591,-0.013694536,0.29478347,-0.000127,0.004461873519837857,0.201914,-0.07380756982707978,-0.553292,0.6296479117913246,0.035597,-0.04929153594088554,9.668202,-9.37341852698517
2971,25,25.0,0.004178336,0.1298205,0.08213991,-0.015499596,0.28009388,0.000839,0.003339335890173912,0.337102,-0.20728150415611268,0.041518,0.04062190926742554,0.057192,-0.07269159555268287,2.75152,-2.471426121492386
2971,26,26.0,0.004215289,0.130747,0.080626376,-0.01431888,0.19831051,0.00149,0.002725288907289505,0.334099,-0.20335199465656278,0.435263,-0.35463662402677537,0.04265,-0.05696887969374657,-3.591081,3.7893915093240738
2971,27,27.0,0.0043802555,0.13077164,0.07497325,-0.010568354,0.13002113,0.001863,0.0025172554719150066,0.198858,-0.06808636303710938,0.319992,-0.2450187520546913,-0.011875,0.0013066457211971284,-5.642664,5.772685125078201
2971,28,28.0,0.0045226505,0.13037218,0.07116419,-0.007613809,0.116832614,0.001456,0.0030666505026221277,0.119222,0.011150181534767156,-0.132258,0.20342219076919554,-0.036135,0.02852119115203619,-4.311034,4.427866613945008
2971,29,29.0,0.004544609,0.13001737,0.07207255,-0.007964297,0.1419902,0.000878,0.0036666092262864114,0.056062,0.07395536998558044,-0.369694,0.44176655065441134,-0.04096,0.03299570280224085,-3.946079,4.088069199685097
2971,30,30.0,0.004469109,0.12983723,0.07570372,-0.010946399,0.16481045,0.000241,0.004228108767807484,0.019044,0.11079322984790801,-0.124246,0.1999497177681923,-0.027645,0.016698601399064063,0.824883,-0.660072551115036
2971,31,31.0,0.0043900604,0.12971446,0.078143805,-0.01372629,0.16398771,1.4e-05,0.004376060435980558,0.068761,0.060953459180831907,0.181317,-0.10317319473457337,-0.003342,-0.010384290315389634,6.40808,-6.244092288928032
2971,32,32.0,0.004375273,0.1295543,0.07748709,-0.014163646,0.14983048,0.000347,0.004028272896140814,0.242205,-0.11265069849967957,0.272042,-0.19455491126012803,0.037449,-0.05161264591568709,8.099562,-7.9497315245504385
2971,33,33.0,0.004417567,0.12941892,0.07504936,-0.012508833,0.14435291,0.001046,0.0033715670482218265,0.31991,-0.1904910755491257,0.078192,-0.0031426369233131385,0.043278,-0.055786832849562165,0.722287,-0.577934087097168
2971,34,34.0,0.0044619087,0.12943618,0.07343208,-0.010671625,0.15594035,0.0016,0.0028619087129831315,0.276448,-0.14701182000446322,-0.044024,0.1174560804476738,0.021312,-0.03198362491381168,-5.111136,5.267076353870392
2971,35,35.0,0.0044665216,0.12963088,0.073900834,-0.01022364,0.17324735,0.00173,0.002736521553695202,0.201093,-0.07146212143230438,-0.010189,0.08408983372592926,-0.0045,-0.0057236401289701465,-5.320264,5.49351135224247
2971,36,36.0,0.004436743,0.12987822,0.07557017,-0.011163043,0.17970236,0.001381,0.003055742980033159,0.119998,0.009880222942352301,0.197413,-0.12184282643842698,-0.031614,0.020450957141757015,-3.690026,3.8697283564577103
2971,37,37.0,0.0044081314,0.13001215,0.076688625,-0.012308723,0.17032212,0.000956,0.0034521313535571096,0.075671,0.054341154579162596,0.205848,-0.12915937508153916,-0.038594,0.026285276706755165,-3.520129,3.6904511201896666
2971,38,38.0,0.0044066603,0.12996465,0.07639233,-0.012619058,0.15473203,0.000228,0.004178660329550505,0.042465,0.08749964967727661,-0.242025,0.31841733022928237,-0.020504,0.007884942329764368,1.837954,-1.6832219663896562
2971,39,39.0,0.0044276225,0.129809,0.07526589,-0.012050876,0.1462753,0.000131,0.00429662253805995,0.125815,0.003994007048606862,-0.31705,0.39231589184999466,0.011856,-0.02390687639391422,7.723685,-7.577409703192711
2971,40,40.0,0.004446925,0.12967724,0.07449058,-0.011341502,0.14993282,0.000498,0.00394892512974143,0.25195,-0.12227276391983033,0.032794,0.04169657698249817,0.036364,-0.04770550195866823,7.158033,-7.008100183375358
2971,41,41.0,0.0044472152,0.1296483,0.07466271,-0.011157269,0.15979147,0.001172,0.0032752152367234227,0.315086,-0.18543770197486875,0.487683,-0.4130202922539711,0.0363,-0.04745726865828037,-0.435908,0.5956994695739746
2971,42,42.0,0.00443213,0.12970285,0.07540565,-0.011524685,0.16644801,0.001536,0.0028961301393210888,0.276152,-0.1464491488237381,0.571902,-0.49649635015916826,0.016014,-0.027538684727191926,-4.820043,4.986491011994362
2971,43,43.0,0.004418408,0.1297679,0.07593064,-0.01196637,0.16563953,0.001605,0.0028134080325067042,0.200978,-0.07121010525512694,0.346635,-0.2707043598985672,-0.010038,-0.0019283700461387634,-4.996037,5.161676534592629
2971,44,44.0,0.004417933,0.12979002,0.07582911,-0.012054419,0.16044602,0.001092,0.0033259330579936503,0.112015,0.017775022969245907,-0.334938,0.41076711103963853,-0.030217,0.01816258085501194,-3.280874,3.4413200179805754
2971,45,45.0,0.0044284123,0.12977195,0.075341895,-0.011783975,0.15668693,0.000622,0.0038064122996032236,0.064488,0.06528394786071777,-0.345556,0.42089789522266385,-0.027107,0.015323024823486804,-2.128494,2.285180931848526
2971,46,46.0,0.0044384133,0.12974979,0.07499245,-0.011479414,0.15720265,0.000322,0.004116413307070732,0.059413,0.07033678983402253,0.037342,0.03765044809150696,-0.014639,0.003159585931837558,1.670832,-1.5136293538637162
2971,47,47.0,0.004439475,0.12975018,0.07505734,-0.011428369,0.1602191,0.000285,0.004154475014805794,0.155295,-0.025544822735786427,0.577926,-0.5028686573514939,0.014672,-0.02610036920917034,7.711186,-7.550966896902084
2971,48,48.0,0.0044328766,0.12976816,0.075380236,-0.0116275605,0.16218115,0.000534,0.0038988765943646433,0.249016,-0.11924783703422545,0.564189,-0.4888087640895844,0.030404,-0.0420315604814291,7.251598,-7.08941684610653
2971,49,49.0,0.0044261515,0.12978034,0.07561335,-0.011852996,0.16141792,0.001248,0.0031781515140533447,0.312136,-0.18235566278553011,-0.153649,0.2292623496761322,0.028699,-0.040551996423840525,-1.907428,2.068845916417122
2971,50,50.0,0.0044250716,0.12977263,0.07557052,-0.011900236,0.15922023,0.001551,0.002874071645528078,0.240062,-0.11028936668586731,-0.4842,0.5597705162882805,0.004118,-0.016018235898792744,-5.610449,5.7696692335596085
2971,51,51.0,0.0044290866,0.12975313,0.07535422,-0.011770197,0.15795477,0.001442,0.0029870865771472457,0.163287,-0.033533872305870044,-0.25382,0.3291742184829712,-0.018606,0.006835802809655667,-3.980017,4.137971767346382
2971,52,52.0,0.004433322,0.12974022,0.0751967,-0.011613914,0.15863153,0.001197,0.0032363222322165965,0.124757,0.004983223288536065,0.057198,0.01799869830799103,-0.028352,0.01673808618825674,-3.144895,3.303526533384323
2971,53,53.0,0.0044339565,0.12974405,0.07522398,-0.011572055,0.16029447,0.000592,0.0038419564628899097,0.069766,0.059978052886962896,0.357092,-0.28186801766586306,-0.026848,0.015275945412695408,-1.711886,1.8721804731712341
2971,54,54.0,0.0044313185,0.12975857,0.07536891,-0.011650131,0.16129494,0.00031,0.004121318491697311,0.063094,0.0666645666179657,0.210883,-0.13551408897209166,-0.015554,0.003903868915975094,1.317314,-1.156019062866211
2971,55,55.0,0.0044286116,0.12977014,0.07547594,-0.011749989,0.16089427,0.000346,0.0040826116026341916,0.18273,-0.052959855179786686,-0.216266,0.29174193861818315,0.021219,-0.03296898935312033,7.460672,-7.299777725288391
2971,56,56.0,0.004428282,0.12977035,0.07545962,-0.011779776,0.15975021,0.000813,0.0036152819144427777,0.284269,-0.15449864656352996,-0.0776,0.15305962184667588,0.034724,-0.04650377584302425,3.730797,-3.571046791741371
2971,57,57.0,0.004430119,0.12976193,0.07536327,-0.011729912,0.1589957,0.001272,0.003158118948221207,0.346021,-0.21625906571960452,0.261822,-0.18645872906160355,0.029328,-0.041057911901056766,5.414992,-5.25599629713726
2971,58,58.0,0.0044319998,0.12975423,0.07529063,-0.011666795,0.1591758,0.001665,0.002766999754160643,0.488458,-0.3587037696199417,0.414768,-0.3394773722224236,0.01902,-0.0306867952388525,9.992989,-9.833813201703071
2971,59,59.0,0.004432239,0.1297532,0.07530013,-0.011649868,0.15990016,0.001828,0.002604239104062319,0.616848,-0.48709479780006404,0.18853,-0.11322987273216248,0.012107,-0.023756868451058864,9.624991,-9.465090841356277
2971,60,60.0,0.004430982,0.1297575,0.07536395,-0.011682936,0.16039921,0.001845,0.0025859818185865876,0.713127,-0.5833695062656402,-0.241514,0.3168779489412308,-0.011088,-0.0005949359903931611,-2.340226,2.5006252134332656
2971,61,61.0,0.0044296663,0.12976182,0.0754128,-0.011726238,0.16030242,0.001475,0.002954666325449944,0.583655,-0.4538931849288941,-0.099957,0.17536980239820482,-0.038552,0.026825762166500094,-12.7003,12.86060241549015
2971,62,62.0,0.004429474,0.12976205,0.07540726,-0.011738573,0.15985414,0.000715,0.0037144740073382855,0.344557,-0.21479494651031494,0.23793,-0.1625227408337593,-0.058614,0.04687542679899931,-15.026348,15.186202143857956
2971,63,63.0,0.00443025,0.12975924,0.07536501,-0.011715347,0.15954235,3.9e-05,0.00439124979904294,0.170072,-0.04031276282978058,0.329261,-0.2538959930763245,-0.059565,0.047849653052687645,-13.671077,13.830619351961136
2971,64,64.0,0.0044311336,0.12975675,0.07533211,-0.011684641,0.15961534,-0.000836,0.00526713362416625,-0.055486,0.18524274867630006,0.050598,0.02473411261034012,-0.029902,0.01821735875797272,-8.470993,8.630608337848663
2971,65,65.0,0.004431286,0.12975705,0.075335495,-0.011675325,0.15991603,-0.001014,0.0054452858954072,-0.129402,0.25915904669952394,-0.233748,0.30908349517393113,0.001577,-0.013252325222313404,-2.702296,2.862212028380394
2971,66,66.0,0.0044307676,0.12975931,0.07536363,-0.011690415,0.16012152,-0.000243,0.0046737676143944265,-0.041618,0.17137731167602538,-0.31252,0.3878836285662651,0.061911,-0.07360141544198989,8.769507,-8.609385484606744
2971,67,67.0,0.004430177,0.12976114,0.07538578,-0.011711016,0.1600628,0.000936,0.00349417715588212,0.12311,0.006651144518852237,0.058954,0.01643177914237976,0.077596,-0.08930701629734039,9.222132,-9.062069195181847
2971,68,68.0,0.00443009,0.12976085,0.07538372,-0.011716003,0.15985335,0.001953,0.0024770900772213937,0.216669,-0.08690815350437164,0.28961,-0.21422627721786497,0.059155,-0.07087100259840488,3.126538,-2.9666846459035874
2971,69,69.0,0.004430449,0.12975943,0.075365044,-0.011707342,0.15972166,0.002577,0.001853449102073908,0.198196,-0.06843656911468507,0.130609,-0.05524395582342148,0.007584,-0.019291342229783535,-4.497767,4.657488657633781
2971,70,70.0,0.0044308403,0.12975806,0.075350076,-0.011694221,0.15975021,0.002422,0.0020088402575552462,0.122567,0.007191059978485112,-0.123805,0.1991550759601593,-0.031953,0.020258779173970225,-6.277402,6.437152208258629
2971,71,71.0,0.0044309017,0.12975821,0.075351216,-0.011689759,0.15988748,0.001779,0.0026519017248451708,0.034528,0.09523020899009704,-0.220792,0.2961432158989906,-0.059614,0.047924241140425206,-5.740893,5.900780477755546
2971,72,72.0,0.004430688,0.12975918,0.07536371,-0.011696057,0.15997791,0.000365,0.004065687986314297,-0.048641,0.17840017756557464,0.133403,-0.05803928947734832,-0.056329,0.04463294260585308,-0.575613,0.7355909129028321
2971,73,73.0,0.004430434,0.12975992,0.0753738,-0.011705637,0.15995729,-0.000308,0.004738434200912714,-0.000175,0.12993492262363435,0.321096,-0.24572220139122009,-0.020941,0.009235363021850587,6.543079,-6.38312171030426
2971,74,74.0,0.004430369,0.12975986,0.07537313,-0.011708393,0.15987161,-0.000339,0.004769369008332491,0.130159,-0.00039913698101043393,0.209241,-0.13386787194347383,0.020547,-0.0322553927616477,11.260087,-11.100215391981125
2971,75,75.0,0.004430525,0.12975925,0.07536475,-0.011704456,0.15980655,0.000392,0.004038525004863739,0.331091,-0.2013317479286194,-0.157275,0.23263975360393524,0.058245,-0.06994945606112479,8.81397,-8.654163450450897
2971,76,76.0,0.0044306954,0.12975872,0.07535799,-0.011698419,0.15981448,0.001116,0.003314695436894894,0.405106,-0.2753472843704224,-0.322021,0.39737898847675324,0.060074,-0.07177241922819615,2.547543,-2.387728523033142
2971,77,77.0,0.0044307206,0.12975867,0.07535838,-0.01169632,0.15988033,0.002043,0.002387720582604408,0.327159,-0.19740032907390592,-0.101286,0.17664438335752486,0.013215,-0.02491132002711296,-7.869768,8.029648325198174
2971,78,78.0,0.0044306084,0.12975909,0.075363934,-0.011699207,0.15992634,0.001936,0.002494608358234167,0.197009,-0.0672499118413925,0.247776,-0.17241206595993042,-0.028311,0.01661179287290573,-8.189166,8.34909233998394
2971,79,79.0,0.004430503,0.12975948,0.07536848,-0.011702881,0.15991762,0.001276,0.0031545031187832353,0.07857,0.05118947558879852,0.434196,-0.3588275211057663,-0.051839,0.040136118805348876,-6.081436,6.241353622804642
2971,80,80.0,0.004430478,0.1297595,0.07536831,-0.0117034055,0.15988113,0.000375,0.004055477973073721,0.011974,0.11778550539112091,0.256367,-0.18099869246912004,-0.043977,0.03227359447073937,-0.641094,0.800975129860878
2971,81,81.0,0.0044305506,0.1297592,0.0753647,-0.011702093,0.159847,-4.9e-05,0.004479550616234541,0.041967,0.08779220736789703,-0.003862,0.07922670144987107,-0.019294,0.0075919067042469965,5.047188,-4.887340993798256
2971,82,82.0,0.004430623,0.12975894,0.075361595,-0.01169947,0.15985177,-0.000129,0.004559622793734073,0.14644,-0.016681060853004442,-0.214626,0.28998759455776213,0.014335,-0.02603446976006031,9.698122,-9.538270225426674
2971,83,83.0,0.0044306484,0.12975883,0.07536164,-0.011698419,0.15987557,0.000645,0.003785648405104876,0.34302,-0.2132611651611328,-0.195825,0.27118663926124575,0.04698,-0.058678419228196145,4.850054,-4.690178428272247
2971,84,84.0,0.0044306046,0.12975894,0.07536402,-0.0116989445,0.15989698,0.001345,0.003085604632943869,0.352955,-0.22319606085300447,-0.032005,0.10736902344703675,0.035036,-0.046734944494128225,-3.387701,3.547597984696388
2971,85,85.0,0.004430572,0.1297591,0.07536616,-0.011701044,0.15989858,0.001681,0.002749572036653757,0.26725,-0.1374908969402313,0.140415,-0.06504883823633195,0.008868,-0.02056904369521141,-7.763159,7.923057579120636
2971,86,86.0,0.0044305506,0.12975909,0.0753662,-0.011702225,0.15988192,0.001552,0.002878550616234541,0.120619,0.009140088158607479,0.211763,-0.13639680098342896,-0.02486,0.013157775387763977,-7.417648,7.577529919622421
2971,87,87.0,0.004430572,0.1297591,0.07536456,-0.011701832,0.1598708,0.001182,0.003248572036653757,0.038614,0.09114510305976867,0.148632,-0.07326744011116026,-0.038201,0.026499168405890464,-5.778516,5.93838680335617
2971,88,88.0,0.0044305865,0.12975906,0.075363055,-0.011700519,0.15987478,0.000347,0.0040835864721536635,-0.020075,0.1498340583562851,0.083809,-0.008445945128440852,-0.032081,0.020380480639398096,1.309178,-1.1493032180337905
2971,89,89.0,0.004430616,0.12975909,0.07536306,-0.01169947,0.1598843,3.1e-05,0.004399615808814764,0.058373,0.07138608815860747,0.032587,0.04277606232213974,-0.003293,-0.00840646976006031,8.087957,-7.928072696191787
2971,90,90.0,0.00443059,0.12975928,0.07536418,-0.011699994,0.15989223,0.000237,0.004193590197443962,0.219466,-0.08970671812629699,-0.160845,0.23620917990922927,0.031585,-0.04328499409466982,10.018811,-9.858918768774032
2971,91,91.0,0.0044305576,0.1297594,0.075365186,-0.011701175,0.1598843,0.000632,0.003798557601153851,0.315863,-0.18610359891700745,-0.290012,0.36537718573760986,0.045744,-0.05744517501169443,7.01106,-6.851175696191787
2971,92,92.0,0.0044305576,0.1297592,0.07536517,-0.011701569,0.1598724,0.001519,0.0029115576011538506,0.349315,-0.21955579263210295,-0.185745,0.26111017083644866,0.0322,-0.04390156896114349,-3.294171,3.4540433977804184
2971,93,93.0,0.0044305795,0.12975909,0.07536449,-0.011701306,0.15986605,0.0018,0.002630579487234354,0.278973,-0.14921391184139254,0.058054,0.017310492833614348,0.00524,-0.016941306328177454,-7.492583,7.65244904988575
2971,94,94.0,0.004430594,0.1297589,0.07536377,-0.011700519,0.15986922,0.001387,0.0030435939227342603,0.106273,0.023485894443511957,0.33318,-0.25781622987270353,-0.037978,0.026277480639398096,-6.697956,6.857825223833084
2971,95,95.0,0.0044305865,0.12975891,0.075363755,-0.011700782,0.15988033,0.000709,0.0037215864721536636,0.018944,0.11081490934467315,0.153865,-0.07850124477386475,-0.042483,0.030782218006432056,-3.44321,3.6030903251981736
2971,96,96.0,0.0044305758,0.12975925,0.075364195,-0.011700388,0.15988827,0.000206,0.004224575761944056,0.007695,0.12206425207138062,-0.129971,0.20533519481039048,-0.025422,0.013721611955881119,1.978092,-1.8182037324829101
2971,97,97.0,0.004430583,0.12975928,0.075364694,-0.011700519,0.1598851,5e-05,0.004380583212524653,0.110298,0.01946128187370301,-0.317844,0.3932086939992905,0.012027,-0.0237275193606019,8.81213,-8.652244906430244
2971,98,98.0,0.004430565,0.12975928,0.07536477,-0.011701438,0.15987715,0.000335,0.004095565051734447,0.235223,-0.10546371812629698,-0.259092,0.3344567685050964,0.03497,-0.046671437644660474,9.51296,-9.35308284874916
2971,99,99.0,0.0044305613,0.1297592,0.07536438,-0.011700912,0.1598724,0.001166,0.003264561326444149,0.361984,-0.23222479263210294,0.048985,0.026379381074905395,0.037741,-0.049441912378728387,1.137603,-0.9777306022195815
3918,0,0.0,0.028125314,-0.067637384,0.038881,-0.2047296,-23.839735,-0.011216,0.039341314041972164,-0.013488,-0.05414938393783569,0.108148,-0.06926699986863136,-0.975384,0.7706543982591629,-14.208254,-9.63148103112793
3918,1,1.0,0.024046088,-0.3632703,0.39284045,-0.5209925,-13.482349,-0.022077,0.04612308763754368,-0.10585,-0.2574203125476837,0.590729,-0.19788855495834345,-0.395373,-0.1256195174713135,4.999255,-18.48160439575195
3918,2,2.0,0.005965507,-0.5109198,0.403759,-0.7458907,1.9601463,-0.023867,0.029832507123619317,0.064656,-0.5755758093414307,0.663764,-0.26000499731445315,0.17075,-0.9166406769752502,27.815554,-25.855407692054747
3918,3,3.0,-0.0106911855,-0.4069795,0.053114202,-0.3684935,15.7118635,-0.010263,-0.000428185481846333,0.892597,-1.2995765012474059,-0.027875,0.08098920187354088,1.054924,-1.4234174973716736,40.955991,-25.244127482238767
3918,4,4.0,-0.013104473,-0.097581364,-0.28237683,0.22790858,23.020483,0.004134,-0.01723847324067354,1.284847,-1.3824283642144204,-0.571095,0.28871817419052126,1.124999,-0.897090418504715,12.770099,10.250384016967773
3918,5,5.0,-0.009013493,0.27982292,-0.27053338,0.6318697,23.150076,0.020231,-0.029244492614030837,0.861863,-0.5820400842075348,-0.707958,0.43742461710739133,0.162576,0.4692936737289429,-31.650459,54.800534912475584
3918,6,6.0,-0.007924574,0.58018917,0.082057774,0.52492267,15.8127365,0.017676,-0.025600574427306653,0.621449,-0.041259831546783476,-0.158761,0.24081877406692506,-0.39964,0.9245626689338684,7.764138,8.04859851123047
3918,7,7.0,-0.009877467,0.6971665,0.46815342,0.08871912,3.0893066,0.010385,-0.020262466596662997,0.872019,-0.17485249752426146,0.475006,-0.0068525828895568686,-0.524284,0.6130031221117973,17.792572,-14.703265407058716
3918,8,8.0,-0.016729044,0.5876277,0.55471826,-0.09424986,-8.844248,0.001171,-0.017900043796658514,1.029875,-0.44224729108810434,0.923753,-0.36903474400329594,-0.476026,0.3817761405477524,-0.087192,-8.757055817993164
3918,9,9.0,-0.024320656,0.32102618,0.28992683,0.12331785,-14.327601,-0.004217,-0.020103656433701517,0.983428,-0.6624018237857818,0.880109,-0.5901821730461121,-0.365452,0.4887698526163101,-5.757365,-8.570236432800293
3918,10,10.0,-0.023326807,0.053542595,-0.08443638,0.44363698,-11.867452,-0.009732,-0.013594806724071503,0.766698,-0.7131554046432972,0.305189,-0.38962537937307357,-0.238674,0.6823109836330414,-18.800181,6.932729332214354
3918,11,11.0,-0.015859438,-0.097635455,-0.2777953,0.6572736,-3.9201233,-0.013942,-0.0019174381064176564,0.509609,-0.607244455429554,-0.268978,-0.008817314788818365,-0.227737,0.8850105905647278,-2.617375,-1.3027483386993408
3918,12,12.0,-0.01066644,-0.10491576,-0.18330815,0.64606714,4.9753957,-0.014711,0.004044559758961201,0.763016,-0.8679317604575157,-0.632955,0.44964684565544133,0.180314,0.4657531424865723,24.109437,-19.134041320526123
3918,13,13.0,-0.010194119,0.007132992,0.08600981,0.4460866,10.614852,-0.010993,0.0007988809340000146,0.979208,-0.9720750078516006,-0.644834,0.7308438078846932,0.472583,-0.026496414478301977,9.260012,1.3548399515991214
3918,14,14.0,-0.011696189,0.16948938,0.30565494,0.3087758,11.117479,-0.000258,-0.01143818871062994,0.689064,-0.5195746163024902,-0.10047,0.40612494298934937,0.461989,-0.15321318761253355,-33.310455,44.42793432434082
3918,15,15.0,-0.012847556,0.29483193,0.32573697,0.37420726,7.4659877,0.004509,-0.01735655580127239,0.203182,0.09164993159103393,0.388165,-0.06242803029060362,0.217409,0.1567982582244873,-42.672359,50.13834668234253
3918,16,16.0,-0.011178773,0.33771852,0.18142292,0.5253179,2.3767612,0.004906,-0.016084772896528245,-0.55318,0.8908985165882111,0.781051,-0.5996280809650422,-0.110036,0.635353907333374,-17.380828,19.757589198043824
3918,17,17.0,-0.00669337,0.30775598,0.026557714,0.58195156,-1.4754058,0.004523,-0.011216370174616574,-0.631898,0.9396539769153595,0.329475,-0.3029172862529755,0.104227,0.4777245585899353,5.964789,-7.4401948122634884
3918,18,18.0,-0.003235198,0.2368834,-0.017651506,0.472514,-2.9237013,0.007436,-0.010671198091715574,-0.459818,0.6967014018707276,-0.337335,0.3196834942317009,0.223594,0.24892000351524354,13.823914,-16.74761528631592
3918,19,19.0,-0.004092367,0.15798475,0.050863214,0.2451439,-2.3252509,0.00818,-0.012272366900295019,-0.2318,0.38978474848270417,-0.795723,0.8465862138371467,-0.180732,0.4258759052820206,13.201233,-15.52648386402893
3918,20,20.0,-0.008963947,0.09836806,0.14167184,0.058174297,-0.5286006,0.00389,-0.012853947184383869,0.016452,0.08191606356906891,-0.704112,0.8457838363761901,-0.392899,0.4510732972135544,25.845665,-26.374265573539734
3918,21,21.0,-0.014954927,0.07321966,0.1655906,0.05617556,1.7031906,-0.002784,-0.012170927377402782,0.664935,-0.5917153430557252,-0.020977,0.18656759917926788,-0.145762,0.20193755975914002,29.851989,-28.148798434890747
3918,22,22.0,-0.018490655,0.08559462,0.11234377,0.22803442,3.694545,-0.003057,-0.015433655347704887,1.096255,-1.010660383169651,0.44109,-0.3287462267541885,0.120577,0.10745742180156707,19.062372,-15.367826969406128
3918,23,23.0,-0.017863695,0.12844919,0.046134047,0.44168758,4.9126434,-0.000182,-0.017681694578409193,1.184524,-1.0560748133172988,0.550306,-0.5041719527897834,0.195123,0.24656458392333985,-7.034375,11.947018432617188
3918,24,24.0,-0.014522589,0.18436964,0.03519278,0.56711483,5.029335,0.002055,-0.016577588811814786,1.007291,-0.8229213614377975,0.434947,-0.39975421980333326,0.128064,0.43905083001708983,-19.012637,24.041972021972658
3918,25,25.0,-0.011143233,0.23065528,0.08979384,0.5536968,3.9632025,0.003958,-0.015101232695758342,0.603462,-0.37280671726417547,0.234028,-0.1442341614394188,0.093528,0.46016881119918823,-19.53699,23.500192476501464
3918,26,26.0,-0.009384731,0.24868087,0.15963829,0.45075697,2.0851264,0.005861,-0.015245730830788612,0.404001,-0.15532012529468536,0.199949,-0.04031071436309813,0.224046,0.2267109670677185,-11.460857,13.545983399993897
3918,27,27.0,-0.009412088,0.23203516,0.18329753,0.3553515,0.2425372,0.010814,-0.020226088431417943,0.367091,-0.13505583993530274,0.08853,0.0947675298166275,0.012639,0.3427125076637268,5.089413,-4.846875799549103
3918,28,28.0,-0.010236116,0.19089827,0.14269933,0.32161516,-0.68418735,0.006244,-0.016480116126179695,0.502712,-0.3118137305850983,-0.362803,0.5055023310451507,-0.501199,0.8228141595115661,12.169714,-12.853901352657319
3918,29,29.0,-0.010711191,0.14729658,0.07456487,0.33372727,-0.3155518,-0.002514,-0.008197191222071647,0.709456,-0.5621594223079681,-0.74143,0.8159948667216301,-0.530607,0.8643342703647614,9.147478,-9.463029787614822
3918,30,30.0,-0.01072369,0.12166828,0.03377848,0.34871337,1.0364913,-0.009649,-0.0010746895710229878,0.664851,-0.54318272082901,-0.590214,0.6239924811854363,-0.260992,0.6097053681774139,-12.799071,13.835562274833679
3918,31,31.0,-0.010975273,0.122273006,0.0470775,0.34061053,2.5906582,-0.011481,0.0005057266739606856,0.475357,-0.35308399445486066,-0.045808,0.0928854993300438,-0.037079,0.377689533952713,-12.488589,15.07924718786621
3918,32,32.0,-0.0118365735,0.14392415,0.09630104,0.31946945,3.571051,-0.010493,-0.0013435734815597528,0.380971,-0.23704685310935975,0.564888,-0.4685869584565162,0.19288,0.12658945190429688,0.274734,3.2963168823394775
3918,33,33.0,-0.01292681,0.1728862,0.13911423,0.31815067,3.6302376,-0.002496,-0.010430810421049595,0.367162,-0.1942758072013855,0.86329,-0.7241757691287994,0.46536,-0.14720933066368103,-6.352995,9.983232579345703
3918,34,34.0,-0.013513186,0.1949408,0.14570819,0.35311368,2.9518216,0.006826,-0.020339186015188693,0.265626,-0.07068519456481931,0.428475,-0.2827668115854263,0.649111,-0.29599731892204284,-2.189007,5.140828565628052
3918,35,35.0,-0.01308857,0.20272918,0.11990464,0.40388867,2.028131,0.016387,-0.029475569976389407,0.340366,-0.13763681954479218,-0.01582,0.13572463733673096,0.624039,-0.22015032740974427,11.897032,-9.868900991851806
3918,36,36.0,-0.011851557,0.19727407,0.08945825,0.43329424,1.3235459,0.021407,-0.03325855659914016,0.623405,-0.4261309260416031,-0.266178,0.3556362495093346,-0.180896,0.6141902366600036,14.522578,-13.199032067230224
3918,37,37.0,-0.010632111,0.18427922,0.07896577,0.42000115,1.0478702,0.015692,-0.0263241107596159,0.779076,-0.5947967816839218,-0.244964,0.3239297682180404,-0.718309,1.1383101491775514,10.963277,-9.91540684085083
3918,38,38.0,-0.010207371,0.17002755,0.0910058,0.37418023,1.1523436,-0.003035,-0.007172370854914189,0.849729,-0.6797014459648132,-0.118777,0.209782802154541,-0.812754,1.1869342275180816,-4.179173,5.33151663079071
3918,39,39.0,-0.010719707,0.15918936,0.108972505,0.32914007,1.4750626,-0.01336,0.0026402927643060688,0.736595,-0.5774056416463852,-0.032435,0.14140750473499297,-0.466113,0.7952530671005249,-9.227614,10.702676608718873
3918,40,40.0,-0.011675633,0.15425983,0.1150323,0.31476837,1.8665462,-0.017178,0.005502367441236972,0.547863,-0.3936031692867279,0.057226,0.05780630035305023,-0.027917,0.34268537396621707,-13.780556,15.647102154022217
3918,41,41.0,-0.012380785,0.15587598,0.10572954,0.33485863,2.221031,-0.013767,0.0013862146912217137,0.315714,-0.15983801914596557,0.194129,-0.08839945732736587,0.381521,-0.04666237387275696,-8.640946,10.861976950546264
3918,42,42.0,-0.01245629,0.16301182,0.09244209,0.3686493,2.456996,-0.006174,-0.006282290423870087,0.321654,-0.1586421808757782,0.300706,-0.20826391217088697,0.709672,-0.3410226960868835,8.813769,-6.356773035949708
3918,43,43.0,-0.012049117,0.17289865,0.08881445,0.39081025,2.5067954,0.004948,-0.016997117125570775,0.519904,-0.3470053498306275,0.335562,-0.24674754770946505,1.031388,-0.6405777487640381,21.958336,-19.451540593658446
3918,44,44.0,-0.011589366,0.18159503,0.0981767,0.3901901,2.3428526,0.026015,-0.03760436601132154,1.091643,-0.9100479725532531,0.140801,-0.04262429714298249,0.478074,-0.08788390529060364,19.813835,-17.47098240753174
3918,45,45.0,-0.0113955345,0.1855307,0.11174176,0.37452823,2.0211744,0.024624,-0.0360195345004797,1.305506,-1.1199752927598954,0.006085,0.10565675888299941,-0.572512,0.9470402292366028,6.408481,-4.387306569152832
3918,46,46.0,-0.0114836125,0.18326083,0.117541924,0.36014417,1.6838889,0.011829,-0.023312612470328807,1.27438,-1.091119171743393,-0.02559,0.14313192411899567,-1.033509,1.393653168138504,-9.928015,11.611903912200928
3918,47,47.0,-0.011649822,0.17632829,0.11107767,0.35694268,1.4913175,-0.006124,-0.005525821884930134,0.958504,-0.7821757134714127,0.048584,0.062493666282653806,-0.954901,1.3118436834583282,-24.43418,25.92549751060486
3918,48,48.0,-0.011701505,0.16845472,0.09838542,0.3623959,1.5278468,-0.016621,0.004919495300114155,0.604345,-0.43589027842998507,0.110243,-0.011857576578140253,-0.63298,0.9953759124088287,-28.054168,29.582014813201905
3918,49,49.0,-0.011630964,0.16340804,0.08989041,0.3674859,1.7528917,-0.022376,0.01074503553456068,0.042426,0.12098204100036622,0.10102,-0.011129587013721465,0.06481,0.30267591065406796,-21.795949,23.548840659736634
3918,50,50.0,-0.011577901,0.16301122,0.09144433,0.36638105,2.0310698,-0.016829,0.005251098569571972,-0.17853,0.341541223077774,0.096039,-0.004594671572685241,0.602625,-0.236243950843811,-4.110055,6.141124755554199
3918,51,51.0,-0.011652467,0.16653445,0.100321054,0.36113462,2.2184048,-0.001899,-0.009753466841042042,0.003812,0.16272245363044738,0.03371,0.06661105445861817,1.17388,-0.8127453814792633,27.238542,-25.020137230102538
3918,52,52.0,-0.011820039,0.17155772,0.10865994,0.3584958,2.2437916,0.012943,-0.02476303878057003,0.439276,-0.2677182755241394,-0.061231,0.16989093797779084,1.283851,-0.9253551983127595,43.000554,-40.756762419799806
3918,53,53.0,-0.011939418,0.17554563,0.11045338,0.36260298,2.1335359,0.029008,-0.04094741757082939,1.220295,-1.044749367160797,-0.046286,0.15673938213443755,0.218238,0.14436497894477845,32.033722,-29.900186138031003
3918,54,54.0,-0.011894688,0.17712404,0.105899155,0.37083727,1.9738045,0.027059,-0.03895368801021576,1.508703,-1.3315789616613387,0.120234,-0.014334844860076898,-0.544916,0.9157532712135315,10.814845,-8.841040526123047
3918,55,55.0,-0.0117019685,0.17636916,0.10002908,0.3764603,1.8483998,0.006203,-0.017904968498528004,1.24018,-1.063810839586258,0.54686,-0.4468309188938141,-1.06516,1.4416203137969972,-28.512624,30.361023758338927
3918,56,56.0,-0.011498545,0.1742449,0.09772835,0.3747479,1.7965724,-0.010216,-0.001282545296490193,0.704849,-0.5306041044225692,0.472398,-0.37466965073156355,-0.881166,1.2559139021549224,-32.197263,33.99383544682312
3918,57,57.0,-0.011427114,0.17184842,0.09985621,0.36690542,1.811066,-0.020147,0.008719886213660242,0.277257,-0.1054085836715698,0.010722,0.08913421273517609,-0.432214,0.7991194210186005,-22.794876,24.605942031455992
3918,58,58.0,-0.0115242945,0.1699713,0.10341275,0.35881963,1.863187,-0.021865,0.010340705496966838,0.013147,0.15682430215168,-0.452958,0.5563707473831176,0.234347,0.1244726337223053,-6.915886,8.779072955451966
3918,59,59.0,-0.011704694,0.16903292,0.10485627,0.356106,1.9270024,-0.015179,0.003474306451618671,0.004659,0.16437391642665863,-0.426555,0.5314112675714493,0.784036,-0.42792998694038387,5.261929,-3.334926570037842
3918,60,60.0,-0.011838864,0.16917114,0.103243314,0.35983133,1.98624,-0.000332,-0.011506863603770732,0.163953,0.005218139597892774,-0.046617,0.14986031372976302,1.274833,-0.9150016668395997,17.144583,-15.158342970664979
3918,61,61.0,-0.011852967,0.17027076,0.100583926,0.3663585,2.0286975,0.023612,-0.035464966621518136,0.787187,-0.6169162441129684,0.562828,-0.46224407415676116,0.510315,-0.14395651120185848,32.861215,-30.832517509307863
3918,62,62.0,-0.011770631,0.1719203,0.09958449,0.37082154,2.0420835,0.023483,-0.03525363118666411,1.129231,-0.9573107004699708,0.468015,-0.36843050993919374,-0.422934,0.7937555355873107,7.107148,-5.065064498184204
3918,63,63.0,-0.011673628,0.17346509,0.10113493,0.3708861,2.0189545,0.01473,-0.026403628352582455,1.073281,-0.8998159119901656,0.151334,-0.050199066468715664,-0.820639,1.1915250874176024,-13.442555,15.461509515457154
3918,64,64.0,-0.011628084,0.17425266,0.103735454,0.36787066,1.9660293,-0.001873,-0.009755083884716034,0.695317,-0.5210643409175872,-0.166845,0.27058045438051226,-0.858346,1.2262166586360932,-21.345996,23.312025286384582
3918,65,65.0,-0.011641154,0.17396697,0.10506868,0.36488986,1.9064425,-0.011137,-0.0005041540657281882,0.463756,-0.28978902597999573,-0.175493,0.2805616836242676,-0.645452,1.0103418601531984,-15.794185,17.700627523002623
3918,66,66.0,-0.01167402,0.17281742,0.10408198,0.3640149,1.8690692,-0.018089,0.006414979560613633,0.267041,-0.09422357606029508,-0.005226,0.10930798088407516,0.025977,0.33803789377021787,-2.827515,4.696584218635559
3918,67,67.0,-0.011687608,0.1714309,0.1017442,0.36495733,1.8714064,-0.012513,0.0008253915642499922,0.289962,-0.11853109930706024,-0.060617,0.16236119730901719,0.644947,-0.27998966738891606,5.42333,-3.5519235640335083
3918,68,68.0,-0.011676821,0.17048913,0.10001589,0.36599764,1.9087625,0.00146,-0.013136820926368236,0.426257,-0.2557678675956726,-0.163684,0.26369989357852935,1.082382,-0.7163843577213287,11.553964,-9.645201545013428
3918,69,69.0,-0.011666349,0.1703574,0.10013496,0.365884,1.9580747,0.018484,-0.03015034913533926,0.643575,-0.47321759386062623,-0.038446,0.1385809613070488,0.620529,-0.254644993976593,8.946143,-6.988068311088561
3918,70,70.0,-0.0116791325,0.17094085,0.10172755,0.36488566,1.993022,0.02318,-0.03485913246899843,0.677574,-0.5066331537952423,0.245617,-0.14388944728803635,0.108039,0.2568466580257416,-3.461965,5.454986965026856
3918,71,71.0,-0.011711781,0.17181945,0.10334769,0.36427575,1.9994658,0.021952,-0.03366378091317415,0.571354,-0.3995345515289307,0.495688,-0.3923403110866547,-0.302218,0.6664937534980774,-11.37792,13.377385823173523
3918,72,72.0,-0.011738041,0.17253684,0.10379004,0.36493975,1.9810418,0.01158,-0.023318041415810585,0.355539,-0.18300216492557525,0.144272,-0.04048196266603471,-0.485903,0.8508427492408752,-4.563026,6.54406778905487
3918,73,73.0,-0.0117338635,0.17283712,0.10299119,0.36650807,1.9529129,0.00453,-0.01626386350274086,0.362521,-0.18968387672519682,-0.354698,0.45768919353294374,-0.377995,0.7445030666542054,5.163152,-3.210239073326111
3918,74,74.0,-0.011699581,0.17272365,0.101859614,0.36772317,1.9303839,-0.000497,-0.011202580587446689,0.486502,-0.313778349067688,-0.519306,0.6211656142530442,-0.32628,0.6940031669425965,11.092519,-9.162135079330444
3918,75,75.0,-0.011659613,0.1723645,0.10135938,0.36759353,1.9208283,-0.00649,-0.005169612879157066,0.694637,-0.522272496854782,-0.138569,0.23992838227176666,-0.315255,0.68284852684021,9.972208,-8.051379657562256
3918,76,76.0,-0.011641955,0.1719532,0.10172433,0.3662215,1.9230181,-0.010043,-0.001598955003142357,0.786037,-0.6140837987060547,0.270219,-0.1684946733894348,-0.242711,0.6089324875221253,4.394967,-2.471948902122498
3918,77,77.0,-0.011656236,0.1716254,0.10242091,0.36466104,1.9317199,-0.011868,0.00021176409649848946,0.757873,-0.586247594449997,0.298864,-0.19644308880710604,0.098138,0.2665230379219055,-6.029532,7.961251899177551
3918,78,78.0,-0.011688398,0.1714504,0.10275169,0.36401832,1.9423577,-0.008037,-0.003651398197293281,0.602489,-0.43103859368705755,-0.030903,0.13365468716907503,0.323718,0.040300321037292475,-12.498209,14.440566659339904
3918,79,79.0,-0.0117142815,0.17145419,0.10248172,0.36459094,1.9523592,-0.002091,-0.009623281514286996,0.387823,-0.21636880879211423,-0.151337,0.2538187228317261,0.399669,-0.03507805714035034,-13.54858,15.500939199523925
3918,80,80.0,-0.011718782,0.17162511,0.10195926,0.36576694,1.959982,0.002421,-0.014139781664967536,0.255449,-0.0838238924732208,-0.090365,0.1923242583179474,0.415473,-0.049706057498931866,-9.618987,11.578969037544251
3918,81,81.0,-0.011704828,0.17190306,0.10171446,0.36662984,1.9630905,0.011077,-0.022781827658832073,0.24006,-0.06815694111347198,0.004306,0.09740846204185485,0.403282,-0.03665216105651853,7.861826,-5.898735461021423
3918,82,82.0,-0.011687145,0.17217979,0.10196391,0.36668915,1.9599805,0.015708,-0.02739514463710785,0.395557,-0.22337721164894103,-0.062547,0.1645109074802399,0.296131,0.07055814556503298,15.645283,-13.685302512176513
3918,83,83.0,-0.011678691,0.17233679,0.10245776,0.36614984,1.9512786,0.016029,-0.027707691022098066,0.711462,-0.5391252130146027,-0.184519,0.28697676176452636,-0.299555,0.6657048427391052,8.753797,-6.8025184326858525
3918,84,84.0,-0.0116813835,0.17230749,0.10275158,0.36558795,1.9407042,0.007393,-0.019074383475661278,0.787689,-0.6153815086975097,0.003017,0.09973458286094665,-0.703422,1.0690099497528076,1.382103,0.5586012264938354
3918,85,85.0,-0.011687996,0.17211735,0.10260974,0.36541894,1.9334527,-0.003755,-0.007932995865941048,0.774427,-0.6023096475143432,0.224545,-0.12193526129245758,-0.749542,1.114960940782547,-2.977187,4.910639725410461
3918,86,86.0,-0.011690811,0.1718724,0.10218181,0.36561,1.9330751,-0.01441,0.002719188745915889,0.664646,-0.4927735928020477,0.259654,-0.1574721928396225,-0.399807,0.7654170034713745,-9.520523,11.453598070381165
3918,87,87.0,-0.0116883945,0.17169572,0.1018338,0.36583886,1.9391984,-0.01718,0.005491605527997018,0.515266,-0.3435702758703232,0.031683,0.07015079799127578,-0.032924,0.39876285550498963,-12.768599,14.70779737474823
3918,88,88.0,-0.011685376,0.17165993,0.10182293,0.3658394,1.947932,-0.011851,0.0001656239444613461,0.30305,-0.1313900684595108,-0.314066,0.4158889275941849,0.487485,-0.1216456080532074,-5.992217,7.940149004928589
3918,89,89.0,-0.011686796,0.17175487,0.102106065,0.36564097,1.9544632,-0.001247,-0.010439796322464943,0.264601,-0.09284613316154477,-0.073986,0.17609206455802917,0.746403,-0.3807620319156647,1.205699,0.748764243484497
3918,90,90.0,-0.01169258,0.17190781,0.10241918,0.36548877,1.955996,0.011042,-0.022734579835653305,0.33112,-0.15921218764305117,0.304362,-0.20194281734180453,0.744977,-0.37948823237609863,6.62921,-4.673213963470459
3918,91,91.0,-0.011698005,0.17203674,0.1025224,0.365573,1.9529669,0.018966,-0.03066400478965044,0.432728,-0.260691262796402,0.471923,-0.3694005969982147,0.492627,-0.127054011013031,9.378989,-7.426022071517945
3918,92,92.0,-0.011698164,0.17209393,0.10238433,0.365853,1.9480288,0.021271,-0.0329691640458107,0.628798,-0.45670407213973996,0.303317,-0.20093267115783692,-0.261678,0.6275310116081239,9.407042,-7.4590131971282965
3918,93,93.0,-0.011692438,0.17207746,0.10216752,0.36609918,1.9439937,0.015501,-0.027193438274621964,0.726104,-0.5540265379228592,-0.0007,0.10286751694679261,-0.698961,1.0650601787910463,5.834154,-3.8901603123703
3918,94,94.0,-0.011685021,0.17201743,0.10206066,0.3661097,1.9422419,-0.004333,-0.007352021221637726,0.730986,-0.5589685747013092,-0.342751,0.4448116607198715,-0.843442,1.209551699010849,-4.678478,6.620719907119751
3918,95,95.0,-0.011681234,0.1719474,0.102121666,0.36587796,1.9425656,-0.01534,0.00365876553595066,0.616661,-0.4447135952577591,-0.334735,0.43685666607379914,-0.447616,0.8134939561519623,-8.387992,10.330557560340882
3918,96,96.0,-0.011683362,0.17189077,0.10225703,0.36558428,1.9440191,-0.018344,0.006660638395190238,0.477642,-0.3057512345714569,-0.126759,0.22901602822208406,0.01515,0.35043428406715393,-10.151063,12.095082079208375
3918,97,97.0,-0.01168909,0.17185862,0.10233042,0.36544678,1.9457772,-0.013332,0.0016429098300337792,0.308292,-0.13643337637615205,0.254802,-0.15247158355903623,0.512641,-0.1471942238483429,-7.85441,9.800187177810669
3918,98,98.0,-0.011694088,0.17185609,0.1022868,0.3655347,1.9474481,-0.004611,-0.007083087646901608,0.234025,-0.062168909573555,0.510337,-0.4080501992578507,0.767953,-0.4024183069972992,-3.12537,5.0728181344223024
3918,99,99.0,-0.011695171,0.17188208,0.10218522,0.36574805,1.9487826,0.007052,-0.018747170775055885,0.239397,-0.06751492194843292,0.564374,-0.46218878047370915,0.842819,-0.47707095217132567,4.712084,-2.7633014367904662
7172,0,0.0,1.5846123,-0.24180633,-0.23805323,-55.806206,25.719458,1.520013,0.0645992503280639,0.299048,-0.5408543282966614,-0.487023,0.24896976756858824,-66.565892,10.759686250488286,32.225788,-6.506330373657228
7172,1,1.0,0.5800547,0.17999093,-0.4904449,-60.226833,36.255264,0.620186,-0.040131299625396744,0.743871,-0.5638800676546096,-0.954427,0.46398210139465335,-66.217671,5.990837656494136,35.552245,0.7030192822265633
7172,2,2.0,-0.23344307,0.8175558,-0.65585643,-36.100887,46.896584,-0.242691,0.009247933522224416,1.323981,-0.5064252148208619,-1.211667,0.555810569469452,-41.820265,5.719377701416015,37.571361,9.325222557128903
7172,3,3.0,-0.58001035,1.5456438,-0.50367075,-7.2427,34.527813,-0.678875,0.09886464548110963,2.066019,-0.5203751935424803,-0.805733,0.3020622479515076,-2.171278,-5.071422099945068,29.044606,5.48320695776367
7172,4,4.0,-0.5767362,1.9613663,-0.1803925,12.470295,17.421679,-0.561327,-0.015409211776733378,2.397822,-0.43645570418548596,-0.057236,-0.12315650373840331,14.029735,-1.5594400476074224,11.878207,5.543471543090821
7172,5,5.0,-0.33181828,2.211828,0.16418329,20.933796,0.9291917,-0.368701,0.03688271739578247,2.443153,-0.2313250066070558,0.612468,-0.4482847111873627,14.9743,5.959495928955079,-6.492261,7.421452708564758
7172,6,6.0,-0.013192505,2.0932097,0.43539226,18.255587,-21.056038,-0.219888,0.20669549535560608,1.964561,0.12864874349975586,1.226895,-0.7915027394485474,-1.900884,20.15647062414551,-37.194186,16.13814809716797
7172,7,7.0,0.18708116,1.6012852,0.5946746,5.180273,-44.645836,-0.322628,0.5097091581611634,1.400112,0.20117321919250486,1.189803,-0.5951284127502441,-14.591738,19.772011056030273,-48.413445,3.767609123535159
7172,8,8.0,0.13603464,0.9155348,0.5382693,-13.363352,-62.892372,-0.758789,0.8948236376895905,0.324734,0.5908007943305968,0.603853,-0.06558371861267087,-21.645576,8.282224178100584,-50.020595,-12.871777131347656
7172,9,9.0,-0.23272747,-0.04359331,0.32121634,-30.450132,-73.18052,-1.046699,0.8139715319862366,-0.467578,0.42398469018030166,0.109442,0.21177434483337404,-11.778057,-18.672075369995117,-45.91235,-27.268169104003903
7172,10,10.0,-0.8141764,-1.237415,0.17203283,-34.011997,-69.86517,-1.110124,0.29594761936569225,-1.069644,-0.16777095609283443,-0.182723,0.3547558330993652,3.400489,-37.41248622290039,-35.777552,-34.08762133984375
7172,11,11.0,-1.2518044,-2.2577024,0.1378937,-12.583096,-43.501045,-0.99526,-0.2565443518066406,-1.421593,-0.836109350616455,-0.308503,0.4463967065601349,15.159518,-27.742613550537108,-23.031201,-20.469844227050782
7172,12,12.0,-1.1257466,-2.7152553,0.16581866,25.19221,-5.1288977,-0.53837,-0.5873766077804565,-1.608667,-1.1065882604675292,-0.431877,0.5976956614513398,27.363916,-2.1717067562255856,5.834838,-10.963735666931154
7172,13,13.0,-0.42808184,-2.4903448,0.112632275,50.238384,31.512129,-0.085592,-0.34248984027671814,-1.350834,-1.139510762802124,-0.497444,0.6100762746276855,32.693959,17.544425246826172,28.651093,2.861035829956055
7172,14,14.0,0.45037818,-2.0271165,-0.10393723,50.847664,51.652725,0.733778,-0.28339982044982914,-0.495945,-1.5311715370941161,-0.55112,0.4471827689957619,40.782621,10.065042879394532,47.159741,4.492984219726566
7172,15,15.0,1.167849,-1.0533625,-0.22027048,32.38523,65.741264,1.336981,-0.1691320553359985,0.337152,-1.3905144887466432,-0.467903,0.2476325153141022,31.180166,1.2050650180664064,54.367319,11.373945343261717
7172,16,16.0,1.4658242,-0.04107397,-0.19559371,0.8645607,67.862335,1.632825,-0.1670007535934448,1.000353,-1.0414269704966546,-0.288993,0.0933992852859497,14.764987,-13.900426276695251,53.466635,14.395700205078128
7172,17,17.0,1.1893272,0.9309368,-0.00204698,-28.529102,64.25108,1.48139,-0.2920627600097656,1.955521,-1.0245841866455079,0.175185,-0.17723197996377946,-27.065248,-1.4638543254394527,36.644861,27.60622237402344
7172,18,18.0,0.55046386,1.8322537,0.22254366,-39.134544,53.299744,1.024688,-0.474224144733429,2.335168,-0.5029143054656982,0.442941,-0.2203973431739807,-43.633757,4.499212627441409,21.017556,32.28218765234375
7172,19,19.0,-0.089696646,2.5655885,0.30061597,-32.223248,31.3971,0.002917,-0.09261364573669434,2.472896,0.09269247427368166,0.780235,-0.47961903367996217,-46.613115,14.389867471923829,-6.40914,37.8062404486084
7172,20,20.0,-0.51761144,2.9797916,0.30834332,-16.167307,0.72854835,-0.686856,0.16924455600357058,2.213384,0.7664076412353515,0.91932,-0.6109766789150238,-35.349708,19.182401099975586,-23.917692,24.64624034794998
7172,21,21.0,-0.6601554,2.78579,0.27633286,0.8971847,-27.040302,-1.112622,0.45246658446502686,1.749496,1.036293966583252,0.921237,-0.6449041447753906,-20.546893,21.44407772957611,-36.170019,9.129716723388675
7172,22,22.0,-0.5422134,2.2411802,0.171522,12.332665,-46.001614,-1.289809,0.7475956196632385,1.286622,0.954558181503296,0.852426,-0.6809039936075211,-9.675622,22.00828744342041,-41.236945,-4.764668616943361
7172,23,23.0,-0.29394332,1.4200034,0.03040035,14.639025,-57.073727,-1.327618,1.0336746842556,0.414358,1.0056454141540527,0.626005,-0.595604649310112,4.882262,9.75676273449707,-42.977009,-14.096717654052732
7172,24,24.0,-0.08753842,0.43391517,-0.05723367,7.778497,-58.517124,-1.200889,1.1133505788459779,-0.210268,0.6441831680469513,0.36765,-0.4248836688637733,13.269014,-5.490516780914307,-44.044312,-14.472812176025393
7172,25,25.0,-0.053417955,-0.44282913,-0.061299697,-4.412913,-52.163116,-0.752563,0.6991450454061031,-1.085367,0.6425378679199218,-0.330362,0.2690623034353256,28.282163,-32.69507584561157,-34.800333,-17.362783455078123
7172,26,26.0,-0.24046801,-1.1708523,0.039286032,-15.292554,-43.090446,-0.186813,-0.05365501030635833,-1.516981,0.34612869649505607,-0.994416,1.0337020323190689,40.619973,-55.912526901672365,-16.992417,-26.09802947216797
7172,27,27.0,-0.5496707,-1.7457076,0.25304163,-16.005054,-29.687649,0.43772,-0.9873906962585449,-1.616503,-0.129204631111145,-1.480064,1.7331056250228882,47.769659,-63.77471347387695,3.438923,-33.12657177319336
7172,28,28.0,-0.71813595,-2.0413685,0.46577096,-1.378736,-10.80095,1.295483,-2.013618952949524,-1.291936,-0.7494324844970703,-1.635301,2.101071959854126,42.155004,-43.53374001913452,30.214703,-41.015653050354004
7172,29,29.0,-0.5398669,-2.0417113,0.5249166,19.823956,8.195048,1.756093,-2.2959599242858886,-0.792739,-1.2489723304138183,-1.249361,1.7742775892601013,21.41502,-1.5910644641113265,42.154851,-33.959802667785645
7172,30,30.0,-0.08201243,-1.8602654,0.38449362,32.341152,21.552557,1.720199,-1.8022114298334122,-0.032405,-1.8278603741836548,-0.298557,0.6830506192035675,-28.120064,60.46121619116211,50.306626,-28.754069008422853
7172,31,31.0,0.45025527,-1.5152458,0.16510335,31.538616,31.23445,0.559219,-0.10896372522735598,1.071563,-2.5868087952499392,1.119479,-0.9543756538906096,-67.831623,99.37023918041992,49.480484,-18.246034613403317
7172,32,32.0,0.8722954,-0.93453914,0.012246527,20.06,41.930096,-0.487548,1.3598433796386717,1.769989,-2.7045281392707823,1.881188,-1.8689414732222558,-59.707115,79.76711446594238,37.639414,4.29068167260742
7172,33,33.0,1.0362755,-0.2672347,-0.03865423,2.1970954,48.173164,-1.088956,2.1252315060195923,2.151105,-2.4183397128391264,2.159437,-2.1980912305350304,-37.563218,39.76031339413452,24.716031,23.45713336767578
7172,34,34.0,0.88685817,0.41702446,-0.01389952,-15.000142,50.5731,-1.375904,2.26276216526413,2.411411,-1.9943865365848543,1.882374,-1.8962735200395584,6.677851,-21.677993097473145,2.353295,48.21980604370117
7172,35,35.0,0.50686383,1.1428885,0.007315848,-24.306063,48.177967,-1.106332,1.613195832473755,2.343954,-1.2010654540100099,1.28993,-1.2826141519773007,30.239944,-54.54600669836426,-12.342692,60.5206590715332
7172,36,36.0,0.06139158,1.8672085,-0.0064816624,-23.7925,37.642147,-0.340304,0.40169558084988594,1.859798,0.007410480834960875,0.18355,-0.19003166239261626,34.207016,-57.99951554223633,-30.752798,68.39494506420898
7172,37,37.0,-0.3004014,2.408824,0.015906818,-15.832088,18.499931,0.098099,-0.3985003895988464,1.268845,1.1399789669799805,-0.597794,0.6137008182110787,17.224739,-33.056827470458984,-38.591132,57.09106333544922
7172,38,38.0,-0.48444998,2.5458252,0.11045493,-4.5820956,-3.6283545,0.213557,-0.6980069826431274,0.736412,1.8094132429962158,-1.104106,1.2145609318552018,-0.382228,-4.199867623016358,-37.807417,34.17906245059204
7172,39,39.0,-0.47385877,2.3325217,0.22393373,4.8131013,-22.647997,0.040089,-0.5139477737083435,0.036182,2.2963396770172118,-1.460224,1.6841577265491485,-14.132208,18.945309291656493,-34.920895,12.272898097534181
7172,40,40.0,-0.3410168,1.8426961,0.27487725,8.113867,-37.805363,-0.143224,-0.19779279921150208,-0.401439,2.2441350706710814,-1.480331,1.7552082501945496,-11.975044,20.088910806030274,-30.784736,-7.020626701416017
7172,41,41.0,-0.20917933,1.1203893,0.22880992,4.4359117,-48.75468,-0.236177,0.02699767310810089,-0.818139,1.9385283423080444,-1.223598,1.4524079229335785,1.847927,2.587984655426025,-21.138334,-27.61634663354492
7172,42,42.0,-0.18537216,0.28687665,0.12667854,-3.1018386,-54.330975,0.075813,-0.26118515888500216,-1.065184,1.3520606486644744,-0.421248,0.547926541302681,24.831293,-27.9331315887146,-1.984764,-52.34621057885742
7172,43,43.0,-0.3005265,-0.60113853,0.072484195,-8.821618,-53.93736,0.544924,-0.8454504997482299,-0.974861,0.37372246783828733,0.296147,-0.22366280476760864,32.385963,-41.20758108013916,12.959739,-66.89709785620117
7172,44,44.0,-0.45863318,-1.44627,0.14516732,-6.2788296,-44.546276,1.068681,-1.5273141844329834,-0.640224,-0.8060459890136719,0.920664,-0.7754966790332795,25.85737,-32.136199574584964,23.896624,-68.4429000925293
7172,45,45.0,-0.47546753,-2.0580914,0.29043147,5.879754,-26.165567,1.350897,-1.8263645328731537,-0.230172,-1.827919402053833,1.141509,-0.8510775303211213,9.546856,-3.667101933532715,28.329872,-54.49543939807129
7172,46,46.0,-0.2516883,-2.321482,0.3723489,19.67282,-3.8818138,1.374269,-1.625957301563263,0.15894,-2.480421943130493,1.024655,-0.6523060953903199,-7.557084,27.229903137573242,30.349082,-34.23089576457214
7172,47,47.0,0.13283828,-2.2550523,0.31809375,26.046162,16.283558,0.885114,-0.7522757209911346,0.794326,-3.049378328109741,0.388523,-0.07042925309944154,-36.302386,62.34854765161133,27.849905,-11.566347108154297
7172,48,48.0,0.52882534,-1.8686773,0.19294527,22.970247,34.255947,0.112844,0.4159813426551819,1.225253,-3.093930258491516,-0.047202,0.24014727173042297,-55.663255,78.63350226867675,24.193541,10.06240611303711
7172,49,49.0,0.80233663,-1.2121441,0.087329105,12.504266,49.38736,-0.779576,1.5819126332054139,1.553442,-2.765586136428833,-0.167324,0.25465310454273227,-65.278453,77.78271878521728,20.906007,28.481352619140626
7172,50,50.0,0.8584742,-0.40136826,0.041902855,-1.688787,58.642277,-1.53535,2.3938241950035097,1.778564,-2.179932260383606,-0.057466,0.09936885503864289,-60.796411,59.10762401651001,17.140659,41.501617763916016
7172,51,51.0,0.68149155,0.50054044,0.045781717,-14.254188,61.637657,-2.230281,2.911772553783417,2.007,-1.5064595646858217,0.409855,-0.36407328329563143,5.862543,-20.11673058392334,3.500562,58.13709516552734
7172,52,52.0,0.34609184,1.4249849,0.0482418,-20.578306,55.991028,-1.681853,2.027944836690903,1.971276,-0.5462910680541992,0.715924,-0.6676821984400749,63.69256,-84.27086619812012,-8.70938,64.70040783203125
7172,53,53.0,-0.025115827,2.2437794,0.04187531,-19.509031,39.616833,-0.082346,0.057230172901511195,1.596731,0.6470484208526612,0.636812,-0.594936689757824,74.78122,-94.29025129577637,-24.718084,64.3349167331543
7172,54,54.0,-0.3155064,2.7411914,0.07084646,-12.719991,15.170547,1.01355,-1.3290563986778259,1.121848,1.6193433871765137,0.150262,-0.07941553924036027,57.171624,-69.89161473028565,-31.862629,47.033175531677244
7172,55,55.0,-0.45403224,2.7755997,0.14542672,-3.5997229,-10.1414995,1.599807,-2.0538392422981264,0.71799,2.057609718093872,-0.354128,0.4995547203807831,32.26555,-35.86527286224365,-30.963207,20.821707480651856
7172,56,56.0,-0.43818516,2.4268787,0.21559745,3.6392896,-30.707474,1.673978,-2.112163155391693,0.13541,2.2914686907196047,-0.976642,1.1922394507331848,-23.533137,27.172426617538452,-26.554943,-4.152530754882811
7172,57,57.0,-0.33373,1.7850072,0.22092497,5.8373985,-45.70857,1.203469,-1.537199012178421,-0.182524,1.9675312383880614,-1.114051,1.334975973487854,-48.874361,54.711759529052735,-22.696808,-23.011760572998046
7172,58,58.0,-0.23798943,0.93953127,0.1540433,2.9901857,-54.930813,0.090162,-0.3281514256591797,-0.555237,1.4947682666893005,-0.793614,0.9476573019399643,-47.076013,50.06619873760987,-11.648864,-43.281948835693356
7172,59,59.0,-0.22352771,0.0071908664,0.07844137,-1.7929114,-57.757008,-0.496101,0.2725732853899002,-0.661633,0.6688238663958311,-0.269247,0.3476883665533066,-21.331322,19.538410589668274,-1.289205,-56.46780259887695
7172,60,60.0,-0.2884987,-0.9264503,0.08540546,-3.8505983,-53.16457,-0.582638,0.2941393003349304,-0.61261,-0.31384031213760377,0.196628,-0.11122253850984573,9.366078,-13.216676335266113,7.580198,-60.74476785473633
7172,61,61.0,-0.34003136,-1.7352645,0.20201582,0.5088322,-40.054775,-0.33794,-0.002091355619430524,-0.484571,-1.250693539718628,0.506258,-0.30424218283462523,30.146618,-29.637785783737183,13.139848,-53.19462323803711
7172,62,62.0,-0.26253083,-2.2658262,0.34549195,9.870078,-20.39695,0.437018,-0.6995488334827423,-0.159113,-2.1067132252807617,0.913192,-0.5677000542564392,38.643943,-28.773864913146973,18.150974,-38.54792376806641
7172,63,63.0,-0.03216244,-2.442785,0.4014338,17.937666,1.2657665,0.903607,-0.9357694390780926,0.127784,-2.5705690246429445,1.104266,-0.7028322043094635,22.214258,-4.276592060668946,21.712889,-20.447122498573304
7172,64,64.0,0.27239287,-2.2735121,0.34035897,19.9528,21.61723,0.905157,-0.6327641310043335,0.635502,-2.9090141250152586,1.093324,-0.7529650274505615,-20.568321,40.52112175073242,24.608542,-2.991312538330078
7172,65,65.0,0.54622054,-1.7862124,0.2216135,15.47584,40.183933,0.344702,0.2015185410003662,1.037581,-2.8237934443054202,0.723607,-0.5019935034580231,-45.365204,60.84104361486816,24.597496,15.586437258056641
7172,66,66.0,0.69876224,-1.0440009,0.110503614,6.3000946,54.795574,-0.315624,1.0143862380256654,1.357,-2.401000864028931,0.186658,-0.07615438605117797,-52.938394,59.23848860449219,23.654466,31.141108188232423
7172,67,67.0,0.67766637,-0.1300549,0.04193084,-4.5056705,63.16321,-1.25793,1.9355963661003113,1.788452,-1.9185069060106277,-0.84353,0.8854608394193649,-38.800419,34.294748452514646,19.693592,43.46961982250977
7172,68,68.0,0.4912989,0.86396104,0.01299192,-13.129193,63.423588,-1.636009,2.1273079139556885,2.013469,-1.1495079590263368,-1.449297,1.4622889201135636,-15.875074,2.7458806940307614,13.790541,49.63304679907227
7172,69,69.0,0.2048618,1.8091549,0.00355893,-16.839014,53.10152,-1.527042,1.731903804842949,2.125248,-0.3160931318740845,-1.720113,1.7236719300096035,30.977441,-47.816455053344725,-1.91004,55.01156053833008
7172,70,70.0,-0.088885464,2.531508,0.021415684,-15.162791,32.2948,-0.425369,0.33648353622579574,1.798284,0.7332239689025879,-0.842653,0.8640686843721866,58.90757,-74.07036125213622,-26.003623,58.298422804687505
7172,71,71.0,-0.3055969,2.8523166,0.08697219,-9.5265875,5.9473515,0.409278,-0.7148748880653382,1.304418,1.5478986179656982,0.30805,-0.2210778080701828,45.303826,-54.83041348626709,-35.711523,41.658874455688476
7172,72,72.0,-0.40111896,2.7246172,0.1826416,-2.6463037,-18.843782,0.835519,-1.236637963956833,0.867525,1.8570922428131102,1.209458,-1.0268164043979644,22.532163,-25.17846665371704,-35.050477,16.206694575073243
7172,73,73.0,-0.38533866,2.2362404,0.2489157,2.356588,-37.966137,0.870623,-1.2559616640548708,0.213586,2.022654386962891,2.042933,-1.7940172978954316,-15.361993,17.7185808868103,-29.839546,-8.126590932373048
7172,74,74.0,-0.31319925,1.4876007,0.23526299,3.660369,-50.874825,0.550492,-0.8636912518901825,-0.181933,1.6695336841659545,1.969857,-1.7345940100021362,-27.877001,31.53736991937256,-25.874294,-25.000530523925782
7172,75,75.0,-0.25160158,0.58318573,0.15860923,1.9995835,-57.4274,0.035473,-0.2870745768051147,-0.633727,1.2169127323646545,1.039307,-0.880697773653984,-15.81678,17.81636348274231,-15.575173,-41.852225681640626
7172,76,76.0,-0.23653722,-0.37585977,0.10018158,0.06099789,-57.00833,-0.062535,-0.17400221809387206,-0.793256,0.41739623280143734,0.179336,-0.07915442041015625,3.763637,-3.702639111554146,-3.107446,-53.90088529882812
7172,77,77.0,-0.2442146,-1.2857617,0.13293564,0.91462743,-48.709286,0.071407,-0.31562159436416626,-0.755909,-0.5298527139816284,-0.405326,0.538261643196106,15.333907,-14.419279567176819,9.090124,-57.79940973608399
7172,78,78.0,-0.20556977,-2.0072708,0.24749625,5.6527796,-32.792145,0.409674,-0.6152437739124298,-0.412047,-1.5952238129882812,-1.052204,1.2997002472915649,15.917503,-10.264723420837402,24.160729,-56.95287377539063
7172,79,79.0,-0.07073274,-2.4097345,0.35522515,11.751,-11.956575,0.572511,-0.6432437425479889,-0.037766,-2.3719684875335694,-1.372244,1.727469145816803,7.27024,4.48076040435791,31.466847,-43.42342239367676
7172,80,80.0,0.14181148,-2.4400878,0.37507105,15.256108,10.040603,0.587615,-0.44580352484226227,0.488871,-2.9289587952575684,-1.543831,1.9189020487365722,-5.230438,20.48654628399658,34.815232,-24.774629315979006
7172,81,81.0,0.36673272,-2.1149373,0.30358255,14.197587,30.755579,0.366231,0.0005017165603637963,1.146184,-3.2611213054504393,-1.19507,1.4986525490951539,-12.12381,26.321397013244628,24.149188,6.606390994750978
7172,82,82.0,0.5327201,-1.4830321,0.19016698,8.914668,48.340023,0.202251,0.3304690889587403,1.414114,-2.8971461073532105,-0.480801,0.6709679800281525,-7.217633,16.132301083190917,8.882241,39.457782040771484
7172,83,83.0,0.5848527,-0.6164577,0.0871273,1.0505791,60.371265,0.148093,0.43675969546508786,1.455041,-2.07149870072937,0.195051,-0.10792370188331604,-1.515733,2.566312071044922,-2.558289,62.929554411376955
7172,84,84.0,0.5029303,0.3841058,0.024762552,-6.878369,64.62704,0.147155,0.3557752835464477,1.27333,-0.8892241984176636,1.206558,-1.1817954477684498,-1.65928,-5.219088854522705,-12.096999,76.72403604833984
7172,85,85.0,0.31055075,1.3815383,0.0039702766,-12.301534,58.869083,0.069941,0.2406097493019104,1.119191,0.26234727190399165,1.535389,-1.5314187234356402,-11.893869,-0.40766469903564406,-9.368742,68.23782540454101
7172,86,86.0,0.066404864,2.2104793,0.016983323,-13.773089,42.27608,-0.435604,0.502008864192009,1.05327,1.1572092594909669,1.323137,-1.3061536772007942,-31.9817,18.20861059112549,2.215012,40.06106908520508
7172,87,87.0,-0.15834792,2.7048545,0.06729291,-11.39824,17.882639,-0.964996,0.8066480804166793,1.101465,1.6033894883728028,0.877214,-0.8099210936560631,-29.049647,17.651406910583496,1.716671,16.165967931274412
7172,88,88.0,-0.30813497,2.7677262,0.15000263,-6.561853,-8.003626,-1.288569,0.9804340269508363,1.083067,1.684659182937622,0.546181,-0.39617837143516543,-14.056176,7.494323068023682,-4.376302,-3.6273238697509766
7172,89,89.0,-0.3629363,2.4294744,0.22878602,-1.4421746,-29.64043,-1.363714,1.0007777118816377,1.000335,1.4291393537902832,0.375289,-0.14650297852897642,1.347513,-2.789687553871155,-9.343871,-20.296559450439453
7172,90,90.0,-0.34095982,1.7938639,0.25295222,1.9323741,-44.71273,-1.059011,0.7180511828289031,0.75372,1.0401438925552369,0.187569,0.06538321805572508,26.830474,-24.898099880241393,-13.105635,-31.607095407714844
7172,91,91.0,-0.2845193,0.97067904,0.20743409,2.9180982,-53.17059,-0.561098,0.2765786852340698,0.572796,0.39788304472351077,0.048505,0.15892908799171448,38.844955,-35.92685678871155,-10.197626,-42.972963447021485
7172,92,92.0,-0.2327292,0.06135747,0.14075457,2.5560699,-55.098404,0.306004,-0.5387331965484619,0.460127,-0.3987695316333771,-0.279176,0.4199305655965805,40.362075,-37.806005149078366,-0.516273,-54.582130930664064
7172,93,93.0,-0.19501999,-0.83694196,0.12593868,2.7278345,-50.163956,0.897121,-1.0921409902057646,0.511439,-1.3483809574737549,-0.611699,0.7376376837482452,30.894994,-28.167159536880494,6.089277,-56.253232688476565
7172,94,94.0,-0.14601965,-1.6121892,0.19217202,4.787939,-38.2848,1.227474,-1.3734936524858474,0.605718,-2.2179071736984253,-0.853145,1.0453170206737519,18.93857,-14.150630928344725,7.937364,-46.2221654831543
7172,95,95.0,-0.051982567,-2.1415231,0.29534376,8.250459,-20.768087,1.388206,-1.4401885667142869,0.717912,-2.8594351227874757,-0.955995,1.2513387566757204,-1.681599,9.932057717346192,1.847754,-22.61584138708496
7172,96,96.0,0.092721395,-2.337908,0.3579679,11.025697,-0.26851332,1.29546,-1.2027386048054696,0.697139,-3.0350470295562744,-0.778292,1.1362599131507873,-13.17558,24.201276754455566,-6.02321,5.754696678123474
7172,97,97.0,0.25767833,-2.1812685,0.33844438,11.254058,20.423111,0.861579,-0.6039006700553894,0.422172,-2.6034404535980222,-0.059755,0.39819938195228577,-24.814775,36.068832884216306,-17.264819,37.687929961914065
7172,98,98.0,0.39646253,-1.7009091,0.2525423,8.44307,38.974613,0.428699,-0.03223647010231018,0.099897,-1.80080613772583,0.687861,-0.4353187128887176,-26.145971,34.58904141168213,-21.102901,60.07751418969727
7172,99,99.0,0.46620354,-0.9537109,0.14481857,3.2617307,53.0524,0.064956,0.40124754056358336,-0.229609,-0.7241019136581421,1.273435,-1.1286164258098603,-21.48774,24.749470670928954,-22.101012,75.15341068164062
11091,0,0.0,-0.75110954,-6.963982,-0.969763,15.830085,-406.74506,-0.725332,-0.02577754046249392,-8.412276,1.4482938947448734,-1.61635,0.6465870190620422,20.358045,-4.527960199279786,-448.006623,41.26156684765624
11091,1,1.0,-0.31264168,-12.291463,-0.88678527,26.529364,-267.85663,-0.318139,0.005497319759368902,-14.503751,2.212288101745605,-1.51197,0.6251847312164307,27.883579,-1.3542153677978526,-249.556538,-18.30009041796876
11091,2,2.0,0.09773025,-14.606747,-0.20953768,21.15007,25.433704,0.086929,0.010801249166488641,-15.792502,1.1857553264160163,-0.622332,0.41279431508255005,23.631105,-2.481034809570314,85.153622,-59.719917623779295
11091,3,3.0,0.32154328,-11.580958,0.65717584,9.287516,327.36646,0.310479,0.011064276309967036,-13.396341,1.8153826336059566,0.273953,0.38322283894729614,12.601362,-3.313846359741211,315.886353,11.480102078125014
11091,4,4.0,0.31430042,-4.8114047,1.1572555,-6.8301764,434.06177,0.283595,0.030705417900085463,-5.093235,0.28183029495239253,1.365626,-0.20837046964263917,-17.19588,10.365703646545409,450.330181,-16.268413421874982
11091,5,5.0,0.0781316,2.1136303,1.155526,-19.131628,388.20438,-0.098912,0.17704360121440887,1.390168,0.7234622947998046,1.416548,-0.2610219580154418,-33.804439,14.672810963500979,408.926132,-20.72175577929687
11091,6,6.0,-0.22576845,7.355302,0.75573415,-18.22836,270.58118,-0.700521,0.4747525530776977,9.039288,-1.683986143005372,0.768392,-0.01265785435867306,-16.295067,-1.9332922224121099,293.554674,-22.973497242187477
11091,7,7.0,-0.404467,9.938465,0.32501236,-5.260584,101.185005,-0.732695,0.328228013343811,12.504814,-2.5663488815917965,0.482873,-0.15786064395713806,11.028168,-16.288751877563477,118.308685,-17.123679812011716
11091,8,8.0,-0.36439642,9.446684,-0.09797656,7.9183207,-80.34591,-0.455114,0.09071757689857485,12.934017,-3.4873331163330086,0.435392,-0.5333685579104424,28.909659,-20.991338344177247,-58.644201,-21.70170811865234
11091,9,9.0,-0.1188796,6.4327707,-0.41521218,13.424712,-193.90248,0.172768,-0.2916476013593674,9.841735,-3.4089642709350585,0.378549,-0.7937611841907501,35.293897,-21.869184818908693,-251.554642,57.65216092089844
11091,10,10.0,0.13996072,2.5987735,-0.4307121,12.084043,-224.0863,0.609513,-0.4695522788648605,5.757576,-3.1588025205383303,0.171768,-0.602480103843689,26.51515,-14.431107450866698,-330.990547,106.90424328906249
11091,11,11.0,0.28742492,-0.82180697,-0.06935165,5.918319,-196.94002,0.87323,-0.585805078010559,0.029153,-0.8509599672584534,-0.3102,0.24084834922552106,6.367469,-0.4491497746887205,-367.523224,170.58320629980471
11091,12,12.0,0.30681002,-3.5505059,0.49120873,-1.039104,-136.85982,0.690608,-0.38379797859954834,-7.536809,3.986303123458862,-0.860462,1.3516707321281434,-18.76087,17.721766015167237,-304.476552,167.6167344951172
11091,13,13.0,0.24223301,-5.0717244,0.9629344,-4.256536,-51.348064,0.332838,-0.09060499185371401,-10.875689,5.80396458517456,-0.66549,1.6284243748092653,-25.72654,21.47000399307251,-121.034341,69.68627657739258
11091,14,14.0,0.14359663,-5.036753,1.1534245,-3.8780155,36.899464,0.016875,0.12672163426876068,-11.174855,6.138101822357179,-0.149696,1.3031205014190674,-23.195271,19.317255481811525,83.107114,-46.20765034643554
11091,15,15.0,0.05693361,-3.779331,0.9593615,-1.7874221,95.57328,-0.306424,0.3633576116313934,-6.775508,2.996177031143189,0.640093,0.3192684935874939,-8.622872,6.8354499390335075,300.94419,-205.37090966552734
11091,16,16.0,0.016336087,-1.9645493,0.4736732,0.25802365,115.44621,-0.347107,0.3634430871374607,-2.383138,0.41858869694519063,0.654923,-0.1812498053531647,1.882221,-1.624197350545883,321.278242,-205.8320292314453
11091,17,17.0,0.018666258,-0.08935108,-0.058354683,1.0053594,105.4184,-0.179222,0.19788825808179378,3.743265,-3.8326160803580285,-0.424319,0.3659643167796135,10.369944,-9.364584588760376,237.98196,-132.5635563745117
11091,18,18.0,0.0299585,1.471774,-0.36571532,0.20157316,77.288315,0.000287,0.02967149959552288,6.815741,-5.343967017951965,-1.261341,0.8956256751213074,9.437968,-9.23639483672905,126.48593,-49.19761518066406
11091,19,19.0,0.020896927,2.4148493,-0.33190104,-1.1790717,39.938263,0.09798,-0.07708307347774505,7.768108,-5.353258718688965,-1.269819,0.9379179563465119,3.479406,-4.658477664810181,6.795988,33.142274939453124
11091,20,20.0,-0.008834912,2.6432378,-0.07958738,-1.9948509,1.929143,0.022753,-0.03158791244167089,6.273967,-3.630729170791626,-0.095963,0.01637562239217759,-11.497989,9.503138126052857,-150.535463,152.46460595196532
11091,21,21.0,-0.03991041,2.2562644,0.17790279,-1.7303467,-28.04997,-0.1979,0.15798959040045737,3.814479,-1.5582145518341064,0.975892,-0.7979892120761871,-21.266291,19.5359443203125,-221.508343,193.45837237316894
11091,22,22.0,-0.05410408,1.4971298,0.31456503,-0.45388928,-45.463905,-0.5659,0.5117959214389324,0.085108,1.4120217979354859,1.840144,-1.5255789672794342,-22.009615,21.555725719442368,-246.283431,200.81952566552735
11091,23,23.0,-0.043114543,0.61011475,0.3407055,1.3044122,-50.992138,-0.769701,0.7265864570388794,-4.483253,5.093367753246308,1.615748,-1.2750424860458374,4.49589,-3.191477754249573,-161.398893,110.40675509106444
11091,24,24.0,-0.008242749,-0.25377965,0.33632,2.8571982,-47.348194,-0.540316,0.5320732513222695,-6.106619,5.852839350265503,0.758581,-0.4222609871921539,23.296808,-20.439609761627196,-39.451598,-7.896596122314456
11091,25,25.0,0.042325232,-0.9938888,0.36085305,3.6562696,-36.909027,-0.211526,0.2538512321779728,-6.008591,5.014702204624176,0.084807,0.2760460461788178,31.567573,-27.911303449676513,61.056299,-97.96532609960937
11091,26,26.0,0.09509981,-1.5171921,0.40945548,3.4475765,-21.626759,0.472569,-0.3774691932144165,-3.235099,1.7179068746795654,-0.46166,0.8711154781913757,29.629997,-26.18242047717285,180.338424,-201.96518257543946
11091,27,27.0,0.1345278,-1.7505732,0.43270683,2.332213,-3.76477,0.811616,-0.6770881975326538,-0.714545,-1.0360281582641602,-0.402428,0.8351348328857422,19.252564,-16.920351075042724,196.65908,-200.42385003097533
11091,28,28.0,0.14870746,-1.673574,0.38933927,0.7121689,13.612675,0.957294,-0.808586535662651,3.249617,-4.923190970794678,-0.264296,0.65363526820755,-5.589522,6.3016908723564145,163.639389,-150.02671428686523
11091,29,29.0,0.13441719,-1.3285791,0.2820011,-0.88006663,27.198551,0.723427,-0.5890098088521958,5.48264,-6.811219068183899,-0.561527,0.8435281079311371,-22.05169,21.171623366775513,103.491902,-76.29335082202148
11091,30,30.0,0.09804827,-0.8041565,0.15494305,-1.9871845,34.73475,0.345164,-0.24711573025131228,6.389976,-7.194132482219696,-0.922205,1.07714804895401,-29.787512,27.800327475463867,17.280185,17.454563840332032
11091,31,31.0,0.051953,-0.21238557,0.06453176,-2.361352,35.61039,-0.022948,0.07490099908518791,6.005376,-6.217761565042496,-1.050673,1.11520475842762,-29.923778,27.56242603314209,-80.758728,116.36911770947266
11091,32,32.0,0.009393415,0.33215785,0.044497125,-2.0047002,30.495405,-0.549269,0.5586624154137969,2.622325,-2.290167149734497,-0.448135,0.49263212485075,-17.934067,15.92936681613159,-230.330246,260.82565119714354
11091,33,33.0,-0.019399377,0.7331305,0.08876193,-1.1504855,20.884565,-0.72211,0.7027106234139204,-1.173123,1.9062535146217345,0.604175,-0.5154130668520928,-3.305332,2.1548464844055175,-263.732891,284.61745635339355
11091,34,34.0,-0.030030861,0.93030226,0.16192962,-0.18023059,8.865151,-0.571137,0.5411061385030747,-5.835699,6.766001262306213,1.927248,-1.7653183777074815,16.034411,-16.21464158772087,-153.247026,162.11217740533448
11091,35,35.0,-0.02497774,0.9100421,0.22626027,0.547076,-3.234751,-0.251042,0.22606426009964942,-7.088485,7.9985271071052555,1.999423,-1.7731627253513336,22.571064,-22.023988013137817,-3.021525,-0.21322598609924315
11091,36,36.0,-0.011472144,0.70103467,0.26382014,0.8796951,-13.340397,0.033777,-0.045249144164144994,-6.451782,7.152816665107727,1.481444,-1.2176238584461212,20.339863,-19.4601678825264,105.943104,-119.28350088110352
11091,37,37.0,0.003162759,0.3573651,0.27995422,0.9318235,-19.946209,0.293157,-0.2899942411094606,-3.171964,3.5293291015758514,0.196876,0.0830782248249054,3.1972,-2.265376507949829,185.370862,-205.3170709538574
11091,38,38.0,0.015877867,-0.054857068,0.28999832,0.9657611,-22.180376,0.269883,-0.25400513288247584,-0.782018,0.7271609322361946,-0.334098,0.624096322725296,-8.157301,9.123062125087738,193.212195,-215.39257105285645
11091,39,39.0,0.028738627,-0.46159995,0.30270946,1.1750814,-19.816614,0.025337,0.003401627210259439,3.312268,-3.7738679460220337,-0.317483,0.6201924602584838,-11.126529,12.301610372261047,183.706647,-203.52326115100098
11091,40,40.0,0.045530945,-0.7871174,0.31348434,1.5220077,-13.38118,-0.096229,0.14175994506263734,6.000653,-6.7877704216270445,-0.158303,0.47178734090614316,-3.785178,5.307185703781128,130.159586,-143.5407658095703
11091,41,41.0,0.06704993,-0.96988827,0.3104742,1.7560929,-4.2536755,-0.100112,0.16716192800951005,7.230915,-8.200803269901275,-0.416064,0.7265381871356964,2.51076,-0.7546670940017699,25.977489,-30.231164460815428
11091,42,42.0,0.08891839,-0.9807802,0.28611654,1.594564,5.5140085,-0.053012,0.14193038788986206,6.917156,-7.897936184268952,-0.853381,1.1394975404319763,5.105901,-3.5113370389709475,-81.460296,86.97430452203369
11091,43,43.0,0.10324251,-0.8308639,0.244248,0.9190259,13.770054,0.045094,0.05814850906705856,3.448322,-4.279185893032074,-1.271852,1.5161000027675628,4.133296,-3.2142701020202633,-236.09185,249.86190386352538
11091,44,44.0,0.10257539,-0.5651414,0.19882551,-0.1322771,18.93728,0.081635,0.0209403915309906,-0.323659,-0.24148237983322146,-0.79184,0.9906655083560943,1.645568,-1.777845101278305,-272.243136,291.1804166549072
11091,45,45.0,0.08393832,-0.24759036,0.16645364,-1.2054807,20.37325,0.074039,0.00989932296133042,-5.469066,5.2214756369743345,1.138661,-0.9722073553667068,-0.955219,-0.25026169477081295,-182.0985,202.47174905395508
11091,46,46.0,0.051123586,0.055573344,0.15760514,-1.8806313,18.309834,0.050041,0.0010825855519771554,-7.265672,7.321245344230652,2.40531,-2.247704858598709,-1.38592,-0.4947113276290893,-33.523289,51.83312252661133
11091,47,47.0,0.014048379,0.28970656,0.17174025,-1.8700842,13.582078,0.033472,-0.01942362108540535,-6.909371,7.199077557989121,2.616664,-2.444923751200676,-1.131953,-0.7381311665267944,86.333073,-72.7509950199585
11091,48,48.0,-0.015038567,0.4201345,0.19904146,-1.1699748,7.3474836,0.025183,-0.04022156666386127,-4.069706,4.489840514570236,1.340183,-1.1411415440158843,-0.130992,-1.0389828039245605,181.466045,-174.11856136505128
11091,49,49.0,-0.026910782,0.4351049,0.22688809,-0.0741748,0.8387184,0.034727,-0.06163778186035156,-1.563854,1.9989589065589906,0.063373,0.16351509037208556,1.067946,-1.1421207990250588,199.006482,-198.16776358569336
11091,50,50.0,-0.01940713,0.3441787,0.24650514,0.96953714,-4.853855,0.09205,-0.11145713077783585,2.591619,-2.247440293592453,-1.332642,1.5791471412582399,3.522083,-2.552545861061096,192.457265,-197.31112013305665
11091,51,51.0,0.002091763,0.17284513,0.25613135,1.5830202,-8.924002,0.161379,-0.15928723692455887,5.39554,-5.222694874801635,-1.324774,1.58090535099411,3.741228,-2.1582077897338867,136.568955,-145.49295669372557
11091,52,52.0,0.027862115,-0.044587776,0.25961968,1.6306971,-10.881461,0.199205,-0.17134288516819476,6.724213,-6.7688007760648725,-0.732885,0.9925046830272675,-0.009645,1.6403421311569213,24.076644,-34.958105143493654
11091,53,53.0,0.048744258,-0.27066445,0.26206854,1.2489052,-10.5215225,0.166004,-0.11725974246048929,6.399568,-6.67023245350647,-0.335588,0.5976565398578644,-6.190299,7.439204181884766,-83.246557,72.72503447802734
11091,54,54.0,0.060032558,-0.46798286,0.26567632,0.7313091,-7.921275,-0.106935,0.16696755769610405,3.189121,-3.6571038584194184,-0.273287,0.5389633195991517,-18.769969,19.501278115886688,-203.774271,195.85299586114502
11091,55,55.0,0.06246182,-0.6025355,0.26838365,0.3496618,-3.5015328,-0.396767,0.45922881949973104,0.292508,-0.8950434862213135,-0.382756,0.651139651971817,-21.107675,21.45733679728508,-205.922545,202.42101220695497
11091,56,56.0,0.060228847,-0.6497669,0.2657683,0.2160097,1.9228054,-0.668327,0.7285558469672203,-3.013227,2.36346007800293,-0.035416,0.30118428956604004,-1.669012,1.8850217062587737,-96.809547,98.73235242850494
11091,57,57.0,0.05765905,-0.6017465,0.25465328,0.25734657,7.2374563,-0.527132,0.5847910485870839,-3.692041,3.0902945004615785,0.678069,-0.42341572498703006,17.090298,-16.83295142950821,11.706123,-4.468666678283691
11091,58,58.0,0.05659001,-0.4709778,0.2359913,0.29905346,11.305486,-0.238549,0.2951390094807148,-3.141227,2.670249186994553,1.181295,-0.9453037008476257,25.007223,-24.708169539640426,66.347991,-55.04250527459716
11091,59,59.0,0.05574521,-0.28803325,0.21515813,0.19228174,13.302513,0.253443,-0.19769778950142858,-1.647788,1.3597547530059815,1.108455,-0.8932968653011322,21.192415,-21.00013326207638,66.239642,-52.93712887744141
11091,60,60.0,0.052125342,-0.09368127,0.19944832,-0.0901928,12.940566,0.478392,-0.42626665780973433,-0.982039,0.8883577316060066,0.509654,-0.31020568271064763,12.305637,-12.395829802250386,33.149543,-20.208976937072755
11091,61,61.0,0.04344254,0.07160991,0.19431823,-0.4356038,10.499681,0.579404,-0.535961460129261,-0.751346,0.8229559068522453,-0.310474,0.5047922349205017,0.74452,-1.1801237974357606,0.20892,10.290761472778321
11091,62,62.0,0.030156339,0.1773151,0.20073283,-0.6541011,6.6930485,0.472584,-0.4424276614125967,-0.818854,0.9961691010274887,-0.515216,0.7159488271865845,-8.688948,8.034846926258087,1.627632,5.065416477172851
11091,63,63.0,0.015893599,0.20875305,0.21516103,-0.5874955,2.4392223,0.312916,-0.2970224009815455,-0.659217,0.8679700493736268,0.100213,0.11494802552413941,-10.872815,10.285319494190215,16.998478,-14.559255664184569
11091,64,64.0,0.005940664,0.16809025,0.23187658,-0.20472907,-1.3809242,0.181582,-0.17564133590605854,-0.433117,0.6012072540683746,0.742825,-0.5109484180927276,-11.023312,10.818582934700967,18.776358,-20.157282224853514
11091,65,65.0,0.0046191933,0.071186334,0.24581435,0.36999196,-4.1137185,-0.032995,0.037614193263351914,-0.181375,0.2525613338947296,1.177316,-0.9315016467723847,-9.132163,9.502154958141327,5.364614,-9.478332509674072
11091,66,66.0,0.013015778,-0.05794718,0.25434467,0.9139466,-5.4244637,-0.137238,0.15025377780395746,-0.126122,0.06817481883478166,0.662592,-0.4082473280353546,-6.192364,7.106310628570557,5.977534,-11.401997748931885
11091,67,67.0,0.028316641,-0.19320801,0.2574134,1.215567,-5.287976,-0.180355,0.20867164122641085,0.474447,-0.667655009004593,-0.923651,1.181064387298584,2.133394,-0.9178270072402954,56.317383,-61.605358788116455
11091,68,68.0,0.045059316,-0.3114024,0.25649762,1.174967,-3.9115279,-0.091756,0.13681531586027146,1.833913,-2.1453154102687835,-1.602062,1.858559621536255,7.664497,-6.489529949447632,105.438858,-109.35038587208557
11091,69,69.0,0.057586353,-0.39522815,0.25326845,0.8429874,-1.6398801,0.027557,0.03002935327219963,3.495274,-3.890502147506714,-1.421635,1.674903450498581,7.120956,-6.277968581825256,114.141589,-115.7814690611496
11091,70,70.0,0.062426392,-0.434316,0.2487444,0.38456446,1.116376,0.066915,-0.004488608011007311,5.117994,-5.552310009283066,-0.334256,0.583000398355484,-4.885852,5.270416459323883,42.804261,-41.68788495763397
11091,71,71.0,0.05947771,-0.42532086,0.24322444,-0.007936873,3.91724,-0.07772,0.13719770923376085,5.095146,-5.520466863723755,0.369921,-0.12669655799484253,-16.320135,16.312198127458096,-50.602765,54.520004904403685
11091,72,72.0,0.051548775,-0.37196362,0.23677307,-0.2044068,6.3181467,-0.380757,0.4323057752854824,3.534542,-3.906505620185852,0.530188,-0.2934149263267517,-21.296607,21.092200202114107,-156.002067,162.32021370562745
11091,73,73.0,0.042652246,-0.28492296,0.22979784,-0.1860809,7.9177084,-0.661335,0.7039872456109524,-0.521874,0.23695104257965083,-0.098719,0.3285168401184082,-2.845964,2.659883097185135,-212.125774,220.04348239691163
11091,74,74.0,0.036018785,-0.18073682,0.22331485,-0.034513086,8.43494,-0.550892,0.5869107850892544,-3.982016,3.80127917512989,-0.435001,0.6583158515224456,15.986665,-16.021178086080553,-190.791545,199.22648533813478
11091,75,75.0,0.03282504,-0.07917079,0.2187433,0.12688178,7.7866216,-0.287442,0.3202670415623188,-6.118325,6.039154206705093,-0.254809,0.4735522944774628,26.108388,-25.981506221759798,-139.21733,147.00395157058716
11091,76,76.0,0.032156833,0.00064828247,0.21735772,0.20379655,6.125191,0.284654,-0.25249716748380663,-7.626435,7.627083282468319,0.878388,-0.6610302750949859,27.040541,-26.836744449368478,-9.064043,15.18923421170044
11091,77,77.0,0.03205612,0.044312477,0.21972534,0.1774728,3.8156765,0.591375,-0.5593188807070255,-7.241214,7.285526477111817,1.608627,-1.388901659395218,19.866956,-19.689483199983595,76.848458,-73.03278154927062
11091,78,78.0,0.030974062,0.04523651,0.22543198,0.10531108,1.3549736,0.814675,-0.7837009378403426,-4.123163,4.168399509293318,1.610773,-1.3853410212974548,0.991222,-0.8859109191865921,200.963967,-199.6089934453888
11091,79,79.0,0.028801156,0.00590761,0.23319763,0.07858528,-0.7453402,0.735876,-0.7070748437920809,-0.426211,0.4321186100587845,0.637648,-0.4044503705482483,-11.067559,11.146144281968116,265.365478,-266.11081822808075
11091,80,80.0,0.026919039,-0.06302756,0.24124143,0.1623812,-2.0804205,0.496277,-0.4693579610337019,4.08889,-4.151917560710907,-0.567795,0.8090364252758027,-18.852622,19.0150032019825,285.711506,-287.7919264940796
11091,81,81.0,0.027284838,-0.14556143,0.24772224,0.3521004,-2.4430566,0.271018,-0.24373316174077986,7.169332,-7.314893426877975,-1.158262,1.4059842383022307,-21.219362,21.571462402116776,245.524236,-247.96729258340454
11091,82,82.0,0.031112557,-0.22426713,0.2511721,0.5716117,-1.8580717,-0.156837,0.1879495572770834,10.222681,-10.4469481251297,-1.237364,1.4885360955371856,-18.574263,19.145874702442168,22.47458,-24.33265168483734
11091,83,83.0,0.037942257,-0.28431386,0.25089264,0.7136971,-0.5517215,-0.388604,0.4265462567784786,9.229125,-9.51343885755539,-0.840657,1.0915496391601562,-12.279754,12.993451075843812,-161.563681,161.01195948672867
11091,84,84.0,0.04564403,-0.316437,0.24719986,0.6987089,1.1297526,-0.516612,0.5622560299749374,3.90741,-4.223847005996705,-0.68628,0.9334798631954193,0.836607,-0.13789810813140868,-294.456127,295.5858796359558
11091,85,85.0,0.051353082,-0.318122,0.2413519,0.51817846,2.8210108,-0.435591,0.4869440820608139,-1.100064,0.7819420004978179,-0.94341,1.1847619024848939,9.225152,-8.706973537017822,-304.83865,307.65966082801816
11091,86,86.0,0.05282716,-0.2929114,0.23511031,0.24066931,4.2223454,-0.298407,0.35123416080546377,-5.050207,4.757295589668274,-1.007939,1.2430493127002715,11.634079,-11.393409689907074,-282.052614,286.27495935217286
11091,87,87.0,0.049517244,-0.24848399,0.2300981,-0.021407899,5.143575,-0.12426,0.17377724410057066,-9.618181,9.36969701433754,-0.219026,0.44912409851646423,5.814384,-5.835791898515463,-170.320028,175.4636031914978
11091,88,88.0,0.04281651,-0.19443494,0.22724918,-0.16575757,5.5059223,-0.088838,0.13165450856137276,-11.033417,10.838982059185028,0.862145,-0.6348958246898652,-0.211581,0.045823433309555045,-29.625265,35.13118731750488
11091,89,89.0,0.03538237,-0.14045097,0.22661042,-0.1473742,5.320025,-0.112784,0.14816637139582634,-9.866791,9.726340030661582,2.264611,-2.0380005778656005,-0.992455,0.8450808021593094,170.797691,-165.47766603280638
11091,90,90.0,0.029896514,-0.095081456,0.22756565,0.004366561,4.661988,-0.022604,0.05250051449024677,-4.440393,4.345311543994427,2.744901,-2.51733535382843,8.39837,-8.394003439160883,326.184929,-321.52294121847535
11091,91,91.0,0.027897473,-0.064919986,0.22931305,0.20592362,3.6580808,0.175014,-0.14711652657532692,1.385243,-1.4501629858307838,1.72173,-1.4924169542598724,12.814772,-12.60884838311386,352.759642,-349.10156118373106
11091,92,92.0,0.029254066,-0.053997263,0.23130873,0.36481008,2.4756358,0.330777,-0.30152293417346476,5.408331,-5.46232826331234,0.561252,-0.3299432715435028,11.755745,-11.390934920663833,321.974532,-319.498896233017
11091,93,93.0,0.032486506,-0.063314356,0.23343298,0.4250707,1.3111024,0.482597,-0.4501104941935539,10.215763,-10.279077355909825,-1.11377,1.3472029783916473,1.227551,-0.8024802969703675,122.683929,-121.3728266097107
11091,94,94.0,0.03569705,-0.09058831,0.23582518,0.38965473,0.3680355,0.437685,-0.4019879496073723,10.627911,-10.718499308870792,-1.452734,1.6885591810073852,-8.240603,8.630257725790024,-75.676398,76.04443349528123
11091,95,95.0,0.037578832,-0.13038231,0.23853481,0.3100754,-0.17786387,0.137806,-0.10022716764187814,6.556154,-6.686536314324379,-0.774847,1.0133818081588744,-16.719581,17.02965640225983,-256.000382,255.82251813390923
11091,96,96.0,0.03797089,-0.17482746,0.24123886,0.2514031,-0.2208243,-0.140624,0.1785948893597126,2.218288,-2.393115456474304,-0.189605,0.4308438622760773,-14.919769,15.171172093338013,-255.159915,254.93909069875718
11091,97,97.0,0.03771034,-0.2150511,0.24322537,0.2535131,0.2400174,-0.318402,0.3561123388309479,-1.196875,0.9818239003419875,-0.047581,0.2908063658771515,-8.12645,8.379963097763062,-211.947171,212.18718839919185
11091,98,98.0,0.03793414,-0.24312505,0.24368423,0.31013525,1.0902482,-0.366634,0.4045681393709183,-4.513093,4.269967948740005,-0.315793,0.5594772322349548,3.321551,-3.0114157546768188,-140.247101,141.33734922711943
11091,99,99.0,0.03927736,-0.25398952,0.242154,0.37616768,2.1252782,-0.281293,0.3205703598432541,-6.012267,5.758277482311248,-0.476707,0.7188610021896362,9.803758,-9.427590315206528,-83.774649,85.89992723448181
