Pitch(градусы)	Roll(градусы)	Vertical(Метр)	Velocity.Pitching(°/мин)	Velocity.Rolling(°/мин)	Velocity.Vertical(узлы)	Velocity.Yawing(°/мин)	Swell(метры)	Wave.Highest(метры)	Wave.current(метры)	Wave.direction(градусы)	Swell.direction(градусы)	Wind.direction(градусы)	Current.direction(градусы)	Wave.speed(узлы)	Current.speed(узлы)	Rudder Order(градусы)	Rudder State(градусы)	RPM(Обороты в минуту)	Long(градусы)	Lat(градусы)	STW(узлы)	SOG(узлы)	ROT(°/мин)	Course(градусы)	Moment Yawing(тс*м)	Moment Rolling(тс*м)	Moment Pitching(тс*м)	Force Vertical(тс)	Force Summary(тс)	Force Longitudinal(тс)	Force Lateral(тс)	Wind.Moment Yawing(тс*м)	Wind.Moment Rolling(тс*м)	Wind.Moment Pitching(тс*м)	Wind.Force Vertical(тс)	Wind.Force Summary(тс)	Wind.Force Longitudinal(тс)	Wind.Force Lateral(тс)
-0.001021	0.205106	0.28902	0.09993	-6.752034	-0.33313	16.251239	2.72	2.36	-1.35	180.0	180.0	0.0	0.0	19.866091	1.49676	22.0	22.0	59.775076	-9.300073	49.760889	4.704104	4.548145	16.0	263.813058	-3243.088142	-517.469422	-211.045002	-4010.053135	4010.563836	32.947104	54.437141	210.906577	-133.872287	0.0	0.0	16.741124	-0.487103	-16.734036
0.000954	0.081736	-0.021169	0.123517	-7.617963	-0.762399	16.079578	2.72	2.36	-0.590937	180.0	180.0	0.0	0.0	19.866091	1.49676	22.0	22.0	59.553652	-9.300107	49.760893	4.704104	4.548596	16.0	264.087353	-0.06895	-59.161325	624.000778	394.806036	528.08442	30.367578	54.350252	211.0385	-133.965237	0.0	0.0	16.753388	-0.50899	-16.745655
0.002782	-0.038169	-0.326679	0.096091	-6.902834	-0.344441	16.16776	2.72	2.36	0.592187	180.0	180.0	0.0	0.0	19.866091	1.49676	22.0	22.0	59.981175	-9.30014	49.760896	4.723542	4.568035	16.0	264.357128	2316.442409	812.928216	1227.21243	4992.772487	4993.226721	29.351529	59.704463	211.15907	-134.050522	0.0	0.0	16.764688	-0.529777	-16.756315
0.003791	-0.114381	-0.304073	0.034032	-2.705326	0.382096	16.536793	2.72	2.36	1.8836	180.0	180.0	0.0	0.0	19.866091	1.49676	22.0	22.0	60.522678	-9.300172	49.7609	4.723542	4.582201	16.0	264.541915	4301.214219	2080.15956	1400.663728	4090.926146	4091.350256	29.694662	50.463218	211.281326	-134.136515	0.0	0.0	16.776074	-0.549718	-16.767064
0.003798	-0.115072	-0.094057	-0.033805	2.608323	0.6406	16.807542	2.72	2.36	0.507431	180.0	180.0	0.0	0.0	19.866091	1.49676	22.0	22.0	60.615979	-9.300206	49.760904	4.723542	4.590315	16.0	264.886591	1476.327697	2238.485863	1186.175526	-104.007455	1047.644557	27.851888	37.569137	211.345019	-134.183955	0.0	0.0	16.782552	-0.566293	-16.772994
0.001617	0.029537	0.226299	-0.143386	8.360238	0.145885	16.630692	2.72	2.36	-1.702291	180.0	180.0	0.0	0.0	19.866091	1.49676	22.0	22.0	59.844598	-9.30024	49.760907	4.723542	4.606911	16.0	265.187059	-2808.104784	-185.632562	-5.393719	-3003.684972	3004.206757	29.235097	47.72679	211.441584	-134.258318	0.0	0.0	16.79291	-0.597135	-16.78229
-0.000911	0.147021	0.186718	-0.14515	4.892087	-0.260531	16.419298	2.72	2.36	-0.45024	180.0	180.0	0.0	0.0	19.866091	1.49676	22.0	22.0	59.701384	-9.300275	49.760911	4.742981	4.626131	16.0	265.466538	87.132632	-1861.684611	-980.707015	-1840.497476	1841.930482	30.778027	65.688336	211.570737	-134.349626	0.0	0.0	16.805118	-0.619287	-16.793703
-0.002755	0.175696	0.001075	-0.069523	-1.267551	-0.38835	16.659821	2.72	2.36	1.193663	180.0	180.0	0.0	0.0	19.885529	1.49676	22.0	22.0	60.292666	-9.300309	49.760915	4.745546	4.628916	16.0	265.736505	3919.269585	-1795.520284	-1428.513019	1659.364163	1724.995605	28.187523	57.693064	211.720955	-134.454231	0.0	0.0	16.81901	-0.641315	-16.806779
-0.002968	0.113027	-0.11208	0.04295	-5.466839	-0.024835	17.106319	2.72	2.36	1.592667	180.0	180.0	0.0	0.0	19.885529	1.49676	22.0	22.0	60.730761	-9.300343	49.760919	4.742981	4.645788	17.0	266.006364	3432.84627	-786.218152	-1145.70932	2011.377003	2012.19463	30.246576	48.708068	211.835833	-134.536823	0.0	0.0	16.830216	-0.664247	-16.817103
-0.001936	0.034185	-0.09014	0.110457	-7.010893	0.082324	17.298036	2.72	2.36	0.607703	180.0	180.0	0.0	0.0	19.885529	1.49676	22.0	22.0	60.426045	-9.300375	49.760922	4.751905	4.654713	17.0	266.263807	995.298522	-504.29059	-528.026009	-233.118301	531.558327	29.801618	44.5852	211.905753	-134.588464	0.0	0.0	16.837353	-0.681415	-16.823558
-0.000223	-0.061894	-0.06581	0.151731	-7.760803	0.022993	17.275082	2.72	2.36	-1.42	180.0	180.0	0.0	0.0	19.885529	1.49676	22.0	22.0	59.911156	-9.30041	49.760926	4.762419	4.665227	17.0	266.57	-2458.641993	189.969003	262.506888	-339.813795	344.150295	28.431802	46.450434	211.96981	-134.636715	0.0	0.0	16.844114	-0.699347	-16.829589
0.003272	-0.199041	-0.011289	0.100684	-1.504018	0.16628	16.717481	2.72	2.36	-1.295354	180.0	180.0	0.0	0.0	19.885529	1.49676	22.0	22.0	60.226704	-9.300445	49.760931	4.762419	4.684665	16.0	266.876571	-2669.015938	2396.25651	1423.717587	81.182211	118.721546	26.80704	68.612079	212.152847	-134.767262	0.0	0.0	16.861866	-0.733425	-16.845908
0.004045	-0.158469	0.071031	-0.01071	5.877445	0.148068	16.68297	2.72	2.36	1.300943	180.0	180.0	0.0	0.0	19.885529	1.49676	22.0	22.0	60.770459	-9.30048	49.760935	4.762419	4.684665	16.0	267.156796	3046.280305	1606.915963	1351.227143	-257.144873	270.573214	27.487933	77.353623	212.321048	-134.855531	0.0	0.0	16.873874	-0.755751	-16.856941
0.002912	-0.031793	0.103154	-0.117929	8.692728	-0.070614	17.146207	2.72	2.36	2.37124	180.0	180.0	0.0	0.0	19.894831	1.49676	22.0	22.0	60.423567	-9.300514	49.760939	4.781515	4.704104	17.0	267.436887	4126.980946	-76.304882	573.331571	-2674.864669	2675.552188	26.751741	53.200606	212.408141	-134.829933	0.0	0.0	16.871668	-0.777541	-16.853742
0.0006	0.090273	-0.017703	-0.161193	6.274199	-0.358058	17.421262	2.72	2.36	0.659421	180.0	180.0	0.0	0.0	19.904968	1.49676	22.0	22.0	59.889884	-9.300546	49.760942	4.781857	4.719775	17.0	267.634303	1108.00683	-1476.607848	-456.735896	-177.010316	666.143683	27.724696	49.251035	212.440739	-134.770256	0.0	0.0	16.865213	-0.798867	-16.846282
-0.00129	0.143256	-0.137462	-0.138699	2.395506	-0.233466	17.460193	2.72	2.36	-0.929365	180.0	180.0	0.0	0.0	19.904968	1.49676	22.0	22.0	60.05619	-9.30058	49.760946	4.781857	4.727287	17.0	267.968602	-79.301953	-1732.838043	-1102.939133	2017.070707	2017.877696	26.345356	50.064533	212.462858	-134.72046	0.0	0.0	16.859807	-0.815791	-16.840058
-0.003095	0.118559	-0.100453	-0.007674	-4.20474	0.414878	17.368875	2.72	2.36	-1.43	180.0	180.0	0.0	0.0	19.904968	1.49676	22.0	22.0	60.850285	-9.300613	49.76095	4.781857	4.742981	17.0	268.306538	-1263.691215	-1023.442156	-1363.840181	3633.639776	3634.325697	27.821798	64.887468	212.526063	-134.64451	0.0	0.0	16.851845	-0.846648	-16.830564
-0.002279	0.022336	0.200929	0.097905	-7.115898	0.574943	17.250037	2.72	2.36	0.225498	180.0	180.0	0.0	0.0	19.904968	1.49676	22.0	22.0	60.327326	-9.300651	49.760955	4.781857	4.762227	17.0	268.59703	-485.067631	-690.370642	-702.960643	-2443.80614	2492.101824	29.486032	78.340118	212.63076	-134.625004	0.0	0.0	16.850585	-0.869714	-16.828125
-8.3e-05	-0.105115	0.351322	0.153456	-7.474679	-0.044019	17.29529	2.72	2.36	1.799898	180.0	180.0	0.0	0.0	19.904968	1.49676	22.0	22.0	59.908958	-9.300686	49.760959	4.801296	4.762419	17.0	268.877327	1290.158995	818.31581	321.69249	-4528.727609	4529.321274	27.244494	68.066718	212.751292	-134.616288	0.0	0.0	16.850696	-0.892642	-16.827036
0.002403	-0.193665	0.161369	0.128683	-2.338993	-0.626648	17.353662	2.72	2.36	1.307333	180.0	180.0	0.0	0.0	19.904968	1.49676	22.0	22.0	60.544003	-9.30072	49.760964	4.801296	4.781431	17.0	269.161	-747.152959	2333.061565	1188.420866	-1957.204185	1958.075302	24.483447	52.775487	212.80835	-134.566115	0.0	0.0	16.845661	-0.915671	-16.820756
0.003578	-0.180621	-0.117687	0.053317	3.519259	-0.662019	17.272774	2.72	2.36	-0.866317	180.0	180.0	0.0	0.0	19.910399	1.49676	22.0	22.0	60.848817	-9.300752	49.760968	4.801296	4.781857	17.0	269.386511	-870.642014	1908.301592	1383.053353	1857.709751	1928.460695	24.926599	55.8226	212.847349	-134.523205	0.0	0.0	16.841301	-0.933643	-16.815401
0.003719	-0.111912	-0.313067	-0.036098	7.071969	-0.241696	17.21699	2.72	2.36	-1.527119	180.0	180.0	0.0	0.0	19.924406	1.49676	22.0	22.0	60.503448	-9.300787	49.760972	4.801296	4.783092	17.0	269.721901	-352.570542	709.159592	1142.686032	6094.194029	6094.462487	24.855134	57.73381	212.887257	-134.48357	0.0	0.0	16.837321	-0.950931	-16.810446
0.001198	0.059943	-0.015394	-0.145196	5.466429	0.837144	17.290813	2.72	2.36	0.07316	180.0	180.0	0.0	0.0	19.924406	1.49676	22.0	22.0	60.10966	-9.300824	49.760977	4.801296	4.801296	17.0	270.027736	791.987146	-1266.637773	-178.545206	142.141712	181.744253	24.855866	79.650526	213.017796	-134.441415	0.0	0.0	16.833984	-0.984395	-16.805177
-0.001142	0.11419	0.340101	-0.121965	1.030388	0.377579	17.368534	2.72	2.36	1.280926	180.0	180.0	0.0	0.0	19.924406	1.49676	22.0	22.0	60.840642	-9.300859	49.760981	4.801296	4.820734	17.0	270.31703	745.181849	-1406.499236	-991.938206	-5430.384949	5431.069543	26.187076	81.856119	213.152723	-134.44081	0.0	0.0	16.835284	-1.007647	-16.805101
-0.002492	0.094864	0.319277	-0.038309	-3.1102	-0.391632	17.474993	2.72	2.36	1.535409	180.0	180.0	0.0	0.0	19.924406	1.49676	22.0	22.0	60.63738	-9.300894	49.760986	4.820734	4.831204	17.0	270.606887	1166.356142	-1089.755253	-1229.688733	-3638.112373	3638.728132	27.59822	60.941736	213.264048	-134.425508	0.0	0.0	16.834773	-1.030738	-16.803188
-0.002276	0.015197	0.025727	0.060067	-6.445462	-0.628768	17.488269	2.72	2.36	-0.193333	180.0	180.0	0.0	0.0	19.924406	1.49676	22.0	22.0	60.039614	-9.300927	49.76099	4.820734	4.840173	17.0	270.81755	-1079.203892	-922.452818	-830.168585	1489.820217	1688.482037	28.020504	48.453164	213.303857	-134.363632	0.0	0.0	16.828486	-1.053877	-16.795454
-0.001167	-0.072207	-0.157322	0.114266	-7.666625	-0.348357	17.369194	2.72	2.36	-1.329291	180.0	180.0	0.0	0.0	19.924406	1.49676	22.0	22.0	60.319683	-9.30096	49.760995	4.820734	4.847082	17.0	271.150689	-1988.776579	43.755342	-228.580856	3114.707654	3115.275355	24.976159	53.644302	213.328589	-134.315975	0.0	0.0	16.823603	-1.070685	-16.789497
0.001732	-0.207909	-0.148991	0.126636	-3.054532	0.342058	17.042712	2.72	2.36	-1.74	180.0	180.0	0.0	0.0	19.924406	1.49676	22.0	22.0	60.937531	-9.300998	49.761	4.820734	4.859611	17.0	271.476857	-1992.967479	2208.308926	923.124687	2279.272106	2280.796717	22.690589	81.107332	213.436937	-134.271362	0.0	0.0	16.819994	-1.101	-16.78392
0.003243	-0.196898	0.069666	0.046361	4.144277	0.403993	16.919429	2.72	2.36	0.052351	180.0	180.0	0.0	0.0	19.943844	1.49676	22.0	22.0	60.237671	-9.301033	49.761004	4.820734	4.878862	16.0	271.757905	-485.881048	1897.271982	1233.197617	-3216.653283	3219.787447	23.720404	81.184702	213.576762	-134.275074	0.0	0.0	16.821974	-1.123951	-16.784384
0.003106	-0.099226	0.119854	-0.057376	6.72426	-0.209454	16.933899	2.72	2.36	1.116976	180.0	180.0	0.0	0.0	19.943844	1.49676	22.0	22.0	60.191627	-9.301068	49.761009	4.820734	4.87905	16.0	272.046286	1202.652411	-79.563998	837.618661	-2970.356801	2971.649722	23.743227	84.027071	213.714412	-134.278215	0.0	0.0	16.8239	-1.146681	-16.784777
0.001565	-0.001191	-0.040757	-0.119227	4.919087	-0.30093	17.148473	2.72	2.36	1.553812	180.0	180.0	0.0	0.0	19.943844	1.49676	22.0	22.0	60.913651	-9.301103	49.761014	4.839905	4.898221	17.0	272.327108	2471.34313	-961.418441	43.825746	1415.207477	1417.382937	23.959046	63.598148	213.835331	-134.271202	0.0	0.0	16.824577	-1.169227	-16.7839
-0.00026	0.048731	-0.118195	-0.116294	1.902351	-0.04316	17.314211	2.72	2.36	0.197864	180.0	180.0	0.0	0.0	19.943844	1.49676	22.0	22.0	59.695077	-9.301136	49.761019	4.840173	4.898488	17.0	272.550831	503.231038	-1098.60113	-643.839853	1590.560823	1591.656076	23.377915	53.602198	213.884798	-134.224376	0.0	0.0	16.820199	-1.190048	-16.778047
-0.00145	0.057043	-0.103989	-0.080247	-0.574861	0.120156	17.285638	2.72	2.36	-0.727368	180.0	180.0	0.0	0.0	19.943844	1.49676	22.0	22.0	59.260039	-9.30117	49.761024	4.840173	4.900539	16.941411	272.883158	-1656.649018	-1092.215419	-978.556797	1079.540696	1081.688209	23.067692	63.465401	213.923945	-134.187191	0.0	0.0	16.816739	-1.206559	-16.773399
-0.001977	-0.015478	0.058438	0.038599	-5.464847	0.212597	16.870467	2.72	2.36	-1.234	180.0	180.0	0.0	0.0	19.943844	1.49676	22.0	22.0	60.717378	-9.301206	49.761029	4.840173	4.917927	16.0	273.187087	-2746.603438	-974.266592	-781.226669	-1149.441605	1152.599006	24.190946	76.189748	214.069504	-134.154484	0.0	0.0	16.815101	-1.240101	-16.769311
-0.000723	-0.124432	0.10623	0.103768	-6.969059	-0.01669	16.695566	2.72	2.36	-0.240359	180.0	180.0	0.0	0.0	19.943844	1.49676	22.0	22.0	59.969782	-9.301243	49.761034	4.840173	4.937094	16.0	273.466	-209.449248	366.062948	-91.478921	-1230.181125	1232.97752	23.178883	79.645625	214.200801	-134.152906	0.0	0.0	16.816608	-1.262989	-16.769113
0.001184	-0.216449	0.061524	0.112703	-3.282767	-0.131794	16.705645	2.72	2.36	1.074183	180.0	180.0	0.0	0.0	19.963283	1.49676	22.0	22.0	59.350261	-9.301278	49.761039	4.840173	4.937365	16.0	273.747647	594.811242	1947.641636	660.303346	-395.585708	404.884654	21.538168	83.489402	214.339557	-134.156174	0.0	0.0	16.81875	-1.285874	-16.769522
0.00263	-0.215163	-0.00793	0.053382	3.296926	-0.134178	16.801762	2.72	2.36	0.853684	180.0	180.0	0.0	0.0	19.963283	1.49676	22.0	22.0	60.341427	-9.301313	49.761044	4.840173	4.955892	16.0	273.939109	798.778448	1828.91508	1014.46894	-70.259154	103.283643	22.287239	68.451623	214.46508	-134.150957	0.0	0.0	16.819863	-1.308734	-16.76887
0.002817	-0.151973	-0.052526	-0.015191	5.832932	-0.084646	16.828437	2.72	2.36	-0.534527	180.0	180.0	0.0	0.0	19.963283	1.49676	22.0	22.0	60.697643	-9.301346	49.761049	4.840173	4.956803	16.0	274.263875	-323.6127	275.994549	863.150825	697.683982	701.159503	21.678104	62.186101	214.527111	-134.125382	0.0	0.0	16.818037	-1.326099	-16.765673
0.001511	-0.03661	-0.068396	-0.09736	4.192305	0.019748	16.616927	2.72	2.36	-1.18	180.0	180.0	0.0	0.0	19.963283	1.49676	22.0	22.0	59.149973	-9.301383	49.761055	4.840173	4.956803	16.0	274.58703	-2497.52972	-948.781168	96.64021	-25.321887	94.311591	20.820816	72.872959	214.640388	-134.089158	0.0	0.0	16.815829	-1.355044	-16.761145
-0.000158	0.007096	-0.059948	-0.096064	1.270773	0.03343	16.389975	2.72	2.36	-0.135281	180.0	180.0	0.0	0.0	19.963283	1.49676	22.0	22.0	59.986636	-9.301419	49.76106	4.840173	4.976242	16.0	274.85275	-1157.234689	-844.848971	-534.792167	567.590698	574.607171	21.652671	82.22289	214.764483	-134.084637	0.0	0.0	16.817089	-1.377475	-16.76058
-0.001407	0.00603	0.012799	-0.046731	-1.34104	0.296867	16.404478	2.72	2.36	1.287208	180.0	180.0	0.0	0.0	19.963283	1.49676	22.0	22.0	60.934269	-9.301455	49.761066	4.840173	4.976242	16.0	275.128077	1939.74562	-833.876402	-843.220152	1577.409267	1579.756609	22.347555	83.066797	214.916195	-134.095787	0.0	0.0	16.820379	-1.400498	-16.761973
-0.001602	-0.039379	0.19225	0.021666	-4.179959	0.328314	16.618207	2.72	2.36	1.136164	180.0	180.0	0.0	0.0	19.972309	1.49676	22.0	22.0	59.620602	-9.30149	49.761071	4.859356	4.99568	16.0	275.407551	962.647321	-893.085773	-704.707937	-1272.120053	1285.149443	24.505175	74.229495	215.040931	-134.090753	0.0	0.0	16.821655	-1.423175	-16.761344
-0.000813	-0.118721	0.274254	0.075628	-5.910824	0.001456	16.607932	2.72	2.36	-0.171494	180.0	180.0	0.0	0.0	19.982721	1.49676	22.0	22.0	59.488378	-9.301523	49.761076	4.859611	5.002979	16.0	275.594818	-1144.213345	-63.090403	-225.347827	-2962.976508	2963.781398	24.140771	64.472693	215.139699	-134.075603	0.0	0.0	16.82155	-1.444076	-16.75945
0.000272	-0.187328	0.212422	0.096188	-4.910075	-0.312066	16.460438	2.72	2.36	-1.363668	180.0	180.0	0.0	0.0	19.982721	1.49676	18.401617	21.981608	60.260837	-9.301557	49.761082	4.859611	5.015119	15.910732	275.936238	-2819.410155	1093.133648	261.3911	-1830.474972	1832.121348	21.147258	61.996164	215.197341	-134.049011	0.0	0.0	16.819697	-1.460958	-16.756126
0.002163	-0.222816	-0.069279	0.050551	2.45575	-0.353009	15.995559	2.72	2.36	-0.482465	180.0	180.0	0.0	0.0	19.982721	1.49676	-22.029649	21.77496	60.097907	-9.301596	49.761088	4.859611	5.015119	15.0	276.223193	-2188.027132	1741.379252	833.113562	1148.969701	1152.181216	18.919353	83.850281	215.353773	-134.033091	0.0	0.0	16.820433	-1.491931	-16.754136
0.00236	-0.146111	-0.184156	-0.026064	5.483163	-0.050396	15.888831	2.72	2.36	0.53477	180.0	180.0	0.0	0.0	19.982721	1.49676	-23.0	19.492697	58.952474	-9.301632	49.761093	4.859611	5.034359	15.0	276.497087	597.780414	-95.645946	653.383777	2418.66573	2420.30449	20.005492	86.759891	215.513172	-134.050644	0.0	0.0	16.824642	-1.514581	-16.75633
0.00143	-0.067339	-0.077126	-0.077238	3.581499	0.464348	16.031296	2.72	2.36	1.114928	180.0	180.0	0.0	0.0	19.982721	1.49676	-21.309932	17.211734	60.233177	-9.301667	49.761099	4.859611	5.034557	15.758065	276.758058	1694.85527	-987.131538	133.848901	2043.498097	2045.432236	21.417679	85.469556	215.667214	-134.065896	0.0	0.0	16.828566	-1.53692	-16.758237
4.7e-05	-0.034304	0.198185	-0.078044	0.494005	0.474306	16.176812	2.72	2.36	1.1325	180.0	180.0	0.0	0.0	19.982721	1.49676	-20.0	14.890582	60.563504	-9.301702	49.761105	4.859611	5.043578	16.0	277.0165	-174.480876	-733.996223	-406.366146	-2151.815489	2154.44445	23.762614	85.960072	215.799016	-134.019656	0.0	0.0	16.824874	-1.559345	-16.752457
-0.000753	-0.03955	0.31467	-0.049352	-1.071145	0.142301	16.044231	2.72	2.36	0.342304	180.0	180.0	0.0	0.0	19.987823	1.49676	-20.0	13.146328	59.620312	-9.301735	49.76111	4.871226	5.06561	15.502304	277.235035	-3192.495985	-591.086752	-614.406418	-3149.048798	3150.024199	23.178556	74.100879	215.869533	-133.934193	0.0	0.0	16.81577	-1.575782	-16.741774
-0.001155	-0.061102	0.298622	-0.010559	-2.51507	-0.273384	15.692089	2.72	2.36	-0.631072	180.0	180.0	0.0	0.0	20.00216	1.49676	-20.0	11.417313	59.206268	-9.30177	49.761116	4.898397	5.092782	14.998355	277.540047	-5990.288886	-660.289614	-634.880491	-3195.640596	3196.557017	22.333873	73.133616	215.917625	-133.836948	0.0	0.0	16.805176	-1.591791	-16.729619
-0.000444	-0.16294	-0.081222	0.060826	-5.376071	-0.508351	14.740951	2.72	2.36	-0.658566	180.0	180.0	0.0	0.0	20.00216	1.49676	-20.0	8.006363	60.760142	-9.301809	49.761123	4.860187	5.073434	14.0	277.806697	-4042.613053	-142.45729	-127.533926	1815.532999	1829.636312	23.139771	101.854514	216.113336	-133.720646	0.0	0.0	16.793644	-1.622512	-16.715081
0.000742	-0.245293	-0.237555	0.074701	-3.891016	-0.056379	14.464557	2.74625	2.395	1.587897	180.0	180.0	0.0	0.0	20.00216	1.49676	-20.0	5.725347	60.014169	-9.301845	49.761129	4.859611	5.073434	14.0	278.054865	-1116.139401	1206.515922	365.175104	3616.46597	3617.885449	21.851286	98.915759	216.287097	-133.67652	0.0	0.0	16.790098	-1.642502	-16.709565
0.001853	-0.321076	-0.070535	0.057152	-5.696962	0.640173	14.520217	2.75	2.4	1.293475	180.0	180.0	0.0	0.0	20.00216	1.49676	-20.0	3.443928	59.201895	-9.301881	49.761135	4.859611	5.08361	14.0	278.297087	-1083.052576	-481.203745	727.725254	2047.681007	2049.628759	25.19209	83.360462	216.426978	-133.61016	0.0	0.0	16.783801	-1.662393	-16.70127
0.00253	-0.414939	0.25156	0.027297	-5.826603	0.533791	14.171687	2.75	2.4	-1.134286	180.0	180.0	0.0	0.0	20.00216	1.49676	-20.0	1.294651	60.11659	-9.301916	49.761141	4.867487	5.092873	13.470138	278.464309	-6148.176094	449.342884	887.950234	-4090.44141	4091.872428	26.82662	85.283861	216.545262	-133.538738	0.0	0.0	16.776782	-1.6811	-16.692342
0.002675	-0.477867	0.338383	-0.004118	-4.225831	-0.085082	13.56262	2.75	2.4	-1.985535	180.0	180.0	0.0	0.0	20.00216	1.49676	-20.0	-0.417763	60.704466	-9.301948	49.761147	4.87334	5.096718	12.707657	278.728852	-8835.354257	898.875358	844.289124	-6192.490825	6193.328288	25.726706	97.326198	216.661424	-133.499908	0.0	0.0	16.773413	-1.695613	-16.687488
0.00194	-0.523245	-0.092331	-0.060123	0.593521	-0.978561	12.248036	2.75	2.4	-1.02	180.0	180.0	0.0	0.0	20.00216	1.49676	-20.0	-3.506908	59.789148	-9.301988	49.761154	4.87905	5.112311	12.0	278.978	-7311.851095	1411.214658	381.832358	506.272588	662.279223	21.49949	111.339823	216.956645	-133.49954	0.0	0.0	16.775893	-1.7204	-16.687445
0.000715	-0.471915	-0.501711	-0.082358	5.657716	-0.44111	11.659391	2.75	2.4	1.093793	180.0	180.0	0.0	0.0	20.021598	1.49676	-20.0	-5.806531	59.07627	-9.302023	49.76116	4.87905	5.112311	11.0	279.177864	-3282.495819	1703.961076	-165.257869	6732.563268	6733.450389	20.579006	106.756155	217.188284	-133.517711	0.0	0.0	16.779917	-1.737543	-16.689714
-0.000693	-0.336067	-0.422765	-0.082121	9.913665	0.702666	11.40182	2.75	2.4	1.563316	180.0	180.0	0.0	0.0	20.021598	1.49676	-20.0	-8.090617	59.822389	-9.302059	49.761167	4.87905	5.123359	11.0	279.367864	-1764.715733	255.034094	-701.894873	5663.896754	5665.022536	22.086146	110.533753	217.427631	-133.54551	0.0	0.0	16.785102	-1.754162	-16.693189
-0.00189	-0.171153	0.085126	-0.053731	9.034692	1.030656	11.186157	2.75	2.4	0.861163	180.0	180.0	0.0	0.0	20.021598	1.49676	-20.0	-10.410713	60.156977	-9.302095	49.761174	4.87905	5.131749	10.565338	279.554375	-3048.005878	-1012.380217	-1067.299779	-2891.580009	2943.584432	25.377744	100.191478	217.674146	-133.576995	0.0	0.0	16.790776	-1.770928	-16.697124
-0.002322	-0.075824	0.391226	-0.011949	5.315476	0.442207	10.749048	2.75	2.4	-1.032326	180.0	180.0	0.0	0.0	20.021598	1.49676	-20.0	-12.250164	60.578751	-9.302127	49.76118	4.87905	5.138152	9.738767	279.70171	-7040.141748	-1819.773114	-1093.833578	-5977.029825	5977.906152	28.957446	97.351119	217.850511	-133.590676	0.0	0.0	16.793862	-1.784013	-16.698834
-0.002232	-0.035973	0.435011	0.031814	0.858358	-0.261475	10.119132	2.75	2.4	-0.519357	180.0	180.0	0.0	0.0	20.021598	1.49676	-20.0	-13.904702	60.914458	-9.302161	49.761186	4.879389	5.151188	8.988984	279.900215	-8972.746961	-1988.321221	-908.844613	-4870.051317	4871.27749	28.888642	104.972571	218.023103	-133.614924	0.0	0.0	16.798097	-1.795479	-16.701865
-0.000495	-0.111376	-0.031752	0.097089	-5.883508	-0.683774	8.754476	2.75	2.4	0.575591	180.0	180.0	0.0	0.0	20.021598	1.49676	-20.0	-17.304901	59.626613	-9.302202	49.761194	4.898488	5.151188	8.0	280.067736	-6475.507492	-666.45265	-27.990631	2415.912151	2440.791792	24.272565	117.422908	218.479519	-133.748472	0.0	0.0	16.817033	-1.817248	-16.718559
0.001164	-0.220006	-0.262667	0.094357	-6.756603	-0.185475	8.107524	2.75	2.4	0.199809	180.0	180.0	0.0	0.0	20.021598	1.49676	-20.0	-19.955413	59.257829	-9.302238	49.761201	4.898488	5.151188	7.278435	280.208846	-5681.946555	120.400298	590.18731	3854.676116	3856.323749	24.103142	110.054999	218.775975	-133.841973	0.0	0.0	16.830095	-1.830555	-16.730247
0.002437	-0.322978	-0.203695	0.05473	-5.40839	0.377809	7.535262	2.75	2.4	-0.046	180.0	180.0	0.0	0.0	20.041037	1.49676	-20.0	-20.0	59.424922	-9.302274	49.761208	4.898488	5.170626	7.0	280.339038	-5053.132507	816.109927	941.228531	2543.563343	2546.113389	24.379573	110.658727	219.079898	-133.947174	0.0	0.0	16.844529	-1.843045	-16.743397
0.002864	-0.384875	0.046281	-0.004331	-1.759104	0.48606	6.932308	2.75	2.4	-0.743471	180.0	180.0	0.0	0.0	20.041037	1.49676	-20.0	-20.0	59.983507	-9.30231	49.761215	4.898488	5.170626	6.066339	280.429406	-6388.800817	1502.869932	915.445904	-2573.54418	2661.079312	25.013856	109.213861	219.390443	-134.061446	0.0	0.0	16.860035	-1.854973	-16.757681
0.002533	-0.382032	0.153287	-0.04526	1.868983	0.102589	6.406619	2.75	2.4	-0.337273	180.0	180.0	0.0	0.0	20.041037	1.49676	-20.0	-20.0	59.922234	-9.302341	49.761221	4.903129	5.177865	5.718584	280.553732	-6925.298633	1567.736824	646.360573	-3866.285084	3867.89274	26.864489	107.959295	219.619768	-134.151285	0.0	0.0	16.872094	-1.863109	-16.768911
0.001002	-0.283682	-0.012828	-0.087444	6.433647	-0.440795	5.476269	2.75	2.4	0.19	180.0	180.0	0.0	0.0	20.041037	1.49676	-20.0	-20.0	59.793562	-9.30238	49.761229	4.917927	5.190065	5.0	280.6675	-5787.522722	173.192158	-69.738141	511.844145	676.911978	26.988809	111.748875	220.04818	-134.332094	0.0	0.0	16.89608	-1.876709	-16.791512
-0.000443	-0.19035	-0.168767	-0.074867	3.989117	-0.106772	4.929229	2.75	2.4	0.89092	180.0	180.0	0.0	0.0	20.041037	1.49676	-20.0	-20.0	59.742773	-9.302417	49.761237	4.937218	5.209356	4.0	280.759208	-3681.715681	-1209.630165	-577.802441	2747.69593	2749.800654	28.647154	103.658933	220.405443	-134.494814	0.0	0.0	16.917374	-1.886579	-16.811852
-0.001338	-0.160894	-0.124402	-0.030356	-0.469087	0.255433	4.583803	2.75	2.4	0.650556	180.0	180.0	0.0	0.0	20.041037	1.49676	-20.0	-20.0	59.719744	-9.302453	49.761244	4.917927	5.209503	4.0	280.839135	-2754.085427	-1403.745188	-776.661313	2164.86967	2167.033497	30.508874	91.864805	220.720035	-134.635109	0.0	0.0	16.935813	-1.895639	-16.829389
-0.001388	-0.199931	0.07969	0.020919	-3.883627	0.521453	4.265585	2.75	2.4	-0.098444	180.0	180.0	0.0	0.0	20.049839	1.49676	-20.0	-20.0	59.708752	-9.302489	49.761252	4.937099	5.209503	3.54717	280.909	-3916.598889	-663.269351	-629.676577	716.713991	723.544815	30.968833	88.386846	221.016219	-134.76795	0.0	0.0	16.95326	-1.904076	-16.845994
-0.000789	-0.266616	0.301941	0.053948	-4.79113	0.397181	3.759647	2.75	2.4	-0.510024	180.0	180.0	0.0	0.0	20.060475	1.49676	-20.0	-20.0	59.698448	-9.302525	49.76126	4.937365	5.222541	3.0	280.966707	-6724.024503	23.057606	-289.217351	-2865.028103	2866.822931	30.397408	88.711625	221.282828	-134.890302	0.0	0.0	16.969272	-1.911328	-16.861288
-3.2e-05	-0.324229	0.382783	0.064066	-4.329172	-0.015693	3.171287	2.75	2.4	-0.466372	180.0	180.0	0.0	0.0	20.060475	1.49676	-20.0	-20.0	59.697675	-9.302557	49.761266	4.937365	5.228942	2.839713	281.031599	-7456.983285	421.825097	41.368359	-4058.942655	4060.212715	29.135144	97.168648	221.525613	-135.009569	0.0	0.0	16.984721	-1.916965	-16.876196
0.001287	-0.391271	0.043924	0.039556	-0.713565	-0.807546	2.142925	2.75	2.4	-0.797876	180.0	180.0	0.0	0.0	20.060475	1.49676	-20.0	-20.0	59.795575	-9.302598	49.761275	4.937365	5.228942	2.0	281.079463	-5577.850023	1271.016111	457.429139	-1150.101992	1154.836424	27.709898	99.310951	222.011606	-135.265654	0.0	0.0	17.017561	-1.926112	-16.908207
0.001649	-0.366032	-0.336121	0.004444	3.804524	-0.521272	1.695919	2.75	2.4	1.11575	180.0	180.0	0.0	0.0	20.060475	1.49676	-20.0	-20.0	59.994591	-9.302634	49.761283	4.956803	5.24838	1.0	281.112306	-2019.438398	1443.448833	476.126314	5317.434674	5318.393511	27.694081	96.154069	222.38302	-135.473067	0.0	0.0	17.043949	-1.931661	-16.934133
0.001437	-0.269538	-0.382028	-0.026032	7.096547	0.32464	1.569749	2.75	2.4	0.976222	180.0	180.0	0.0	0.0	20.060475	1.49676	-20.0	-20.0	60.277036	-9.30267	49.761291	4.956803	5.24838	1.0	281.139569	-881.987746	-170.789178	287.778516	4961.09259	4961.787914	29.307035	77.719367	222.71464	-135.657186	0.0	0.0	17.067392	-1.936747	-16.957148
0.000852	-0.167	-0.074983	-0.040199	4.836024	0.752039	1.393569	2.75	2.4	0.714097	180.0	180.0	0.0	0.0	20.060475	1.49676	-20.0	-20.0	60.547987	-9.302706	49.761299	4.974895	5.25697	1.0	281.159329	-3010.329739	-1332.982816	17.924761	369.756743	382.772347	31.352081	76.19604	223.018907	-135.824486	0.0	0.0	17.088722	-1.941615	-16.978061
0.000353	-0.129281	0.198814	-0.037706	1.549738	0.641695	1.056672	2.75	2.4	-0.076032	180.0	180.0	0.0	0.0	20.064948	1.49676	-20.0	-20.0	60.685092	-9.302738	49.761306	4.985168	5.276745	0.575758	281.183722	-5289.565731	-1396.983613	-161.930331	-2179.720225	2181.452414	33.421105	75.880315	223.253399	-135.955203	0.0	0.0	17.105357	-1.945147	-16.9944
-0.000255	-0.154706	0.437527	-0.016718	-3.711934	-0.004631	0.18662	2.75	2.4	-0.91	180.0	180.0	0.0	0.0	20.079914	1.49676	-20.0	-20.0	60.682325	-9.302775	49.761314	5.034214	5.325791	0.0	281.19	-6865.760801	-913.480409	-305.130031	-4124.22097	4125.058103	31.227883	76.974133	223.673208	-136.198276	0.0	0.0	17.13614	-1.950382	-17.024785
-0.000355	-0.232737	0.266139	0.002694	-5.20816	-0.609222	-0.551645	2.75	2.4	-0.913367	180.0	180.0	0.0	0.0	20.079914	1.49676	-20.0	-20.0	60.354014	-9.302815	49.761323	4.99522	5.286797	0.0	281.19	-5859.846661	-37.30586	-286.215288	-2383.818095	2385.634273	30.490904	87.510967	224.024649	-136.413438	0.0	0.0	17.163216	-1.953278	-17.05168
-0.000166	-0.316223	-0.098644	0.017267	-4.576628	-0.691051	-0.973763	2.75	2.4	0.742779	180.0	180.0	0.0	0.0	20.079914	1.49676	-20.0	-20.0	59.834912	-9.302851	49.761331	4.99568	5.287257	-0.986894	281.172594	-1277.91407	457.058073	-174.007373	2794.894801	2813.859171	31.393355	86.0569	224.41419	-136.659734	0.0	0.0	17.194035	-1.955551	-17.082467
0.000186	-0.374397	-0.297292	0.023445	-2.358474	-0.055395	-1.027596	2.75	2.4	1.098696	180.0	180.0	0.0	0.0	20.079914	1.49676	-20.0	-20.0	59.517035	-9.302888	49.761339	5.005438	5.297014	-1.0	281.15801	-721.357859	1049.551596	-30.590184	4719.239738	4719.737767	32.624293	60.140803	224.74314	-136.86851	0.0	0.0	17.22017	-1.957375	-17.108564
0.000526	-0.382092	-0.186858	0.021207	1.319396	0.438669	-1.176552	2.75	2.4	0.260092	180.0	180.0	0.0	0.0	20.079914	1.49676	-20.0	-20.0	59.618386	-9.302923	49.761348	5.015119	5.306695	-1.0	281.142956	-2414.018235	1485.702504	90.621885	1927.279248	1928.819872	31.336926	64.468099	225.016683	-137.042647	0.0	0.0	17.241962	-1.958827	-17.130331
0.000754	-0.342202	0.010106	0.015123	4.892863	0.518559	-1.427228	2.75	2.4	-0.509118	180.0	180.0	0.0	0.0	20.079914	1.49676	-20.0	-20.0	59.953602	-9.302956	49.761355	5.016745	5.306695	-1.10245	281.117751	-3881.542533	1317.686645	159.943552	-611.690536	617.013049	30.831682	66.922606	225.262645	-137.20137	0.0	0.0	17.261792	-1.959869	-17.150171
0.000922	-0.195009	0.264327	0.000946	6.034233	0.02893	-2.244849	2.75	2.4	-1.716907	180.0	180.0	0.0	0.0	20.079914	1.49676	-20.0	-20.0	60.538372	-9.302997	49.761365	5.034416	5.306695	-2.0	281.083597	-7399.782698	-945.966638	191.690744	-5005.351945	5005.86753	31.029767	64.482046	225.712646	-137.49921	0.0	0.0	17.298894	-1.960857	-17.187401
0.000844	-0.127107	0.091319	-0.008791	1.981136	-0.644047	-3.009221	2.75	2.4	-0.116825	180.0	180.0	0.0	0.0	20.099352	1.49676	-20.0	-20.0	60.254368	-9.303034	49.761373	5.034557	5.326134	-2.888325	281.04045	-5128.622092	-1393.115495	142.124223	-2825.246244	2826.6001	30.888916	81.598628	226.07638	-137.748736	0.0	0.0	17.329852	-1.960573	-17.218592
0.000639	-0.131679	-0.262417	-0.015236	-2.315502	-0.578148	-3.292564	2.75	2.4	1.424206	180.0	180.0	0.0	0.0	20.099352	1.49676	-20.0	-20.0	59.582056	-9.30307	49.761382	5.053789	5.345366	-3.0	280.99045	0.764728	-1110.176932	21.65976	3997.093236	3998.065326	33.139009	77.189206	226.474069	-138.025483	0.0	0.0	17.364134	-1.959779	-17.253185
0.000373	-0.194551	-0.372517	-0.016361	-4.657297	0.20416	-3.155545	2.75	2.4	1.890708	180.0	180.0	0.0	0.0	20.099352	1.49676	-20.0	-20.0	59.508758	-9.303107	49.761391	5.053734	5.34531	-3.0	280.939464	1669.953846	-247.847833	-95.484587	5980.60825	5980.926341	34.497034	51.009947	226.834904	-138.278662	0.0	0.0	17.395469	-1.958803	-17.284833
0.000195	-0.255209	-0.143533	-0.013053	-4.740816	0.835761	-3.085566	2.75	2.4	0.786172	180.0	180.0	0.0	0.0	20.099352	1.49676	-20.0	-20.0	59.965106	-9.303143	49.761399	5.059768	5.345572	-3.0	280.894988	-572.754127	191.081312	-151.199036	3449.875798	3450.467144	34.448126	45.243411	227.063634	-138.440127	0.0	0.0	17.415441	-1.958063	-17.305016
6.7e-05	-0.311119	0.225976	-0.008002	-4.007802	0.963802	-3.251531	2.75	2.4	-1.162009	180.0	180.0	0.0	0.0	20.099352	1.49676	-20.0	-20.0	60.401762	-9.303174	49.761407	5.073434	5.345592	-3.00141	280.839977	-4768.687916	490.667692	-177.58214	-2509.791661	2510.458892	34.540119	46.332921	227.284308	-138.596578	0.0	0.0	17.434784	-1.957267	-17.324572
1.4e-05	-0.365732	0.438499	0.003132	0.296544	-0.595875	-4.473997	2.75	2.4	-2.043367	180.0	180.0	0.0	0.0	20.099352	1.49676	-20.0	-20.0	59.84894	-9.303217	49.761417	5.073434	5.364857	-4.0	280.765423	-8643.979545	1391.25694	-144.972718	-6535.859932	6536.210326	31.020085	60.089738	227.764092	-138.945972	0.0	0.0	17.477862	-1.954397	-17.368246
0.000139	-0.321293	-0.070385	0.013132	4.997284	-1.188631	-5.247255	2.75	2.4	0.099382	180.0	180.0	0.0	0.0	20.099352	1.49676	-20.0	-20.0	59.369941	-9.303254	49.761425	5.09265	5.365011	-5.0	280.685404	-4606.929853	1361.524414	-66.899788	328.907613	496.659425	29.044753	68.860233	228.139344	-139.228121	0.0	0.0	17.512537	-1.951058	-17.403515
0.000431	-0.214611	-0.528585	0.023259	6.87416	-0.435669	-5.476833	2.75	2.4	1.549798	180.0	180.0	0.0	0.0	20.11879	1.49676	-20.0	-20.0	59.990404	-9.30329	49.761434	5.092873	5.375228	-5.0	280.600604	1089.39534	-371.495569	64.992727	7908.461038	7908.845379	30.117082	71.656725	228.541156	-139.533181	0.0	0.0	17.550003	-1.947121	-17.441648
0.000803	-0.125132	-0.444981	0.023679	4.116896	0.705342	-5.221949	2.75	2.4	2.251681	180.0	180.0	0.0	0.0	20.11879	1.49676	-20.0	-20.0	60.231214	-9.303327	49.761443	5.124867	5.400446	-4.673004	280.531731	3004.133108	-1466.927543	197.501804	6375.569112	6375.827546	34.717936	45.473246	228.896332	-139.804116	0.0	0.0	17.583251	-1.943482	-17.475514
0.001036	-0.097597	-0.070314	0.014855	0.600111	1.188936	-5.067984	2.75	2.4	0.741	180.0	180.0	0.0	0.0	20.11879	1.49676	-20.0	-20.0	59.758431	-9.303358	49.761451	5.112311	5.384449	-5.0	280.437231	58.501509	-1485.067283	260.432089	744.526866	1741.124631	36.681437	30.213415	229.116907	-139.975765	0.0	0.0	17.604281	-1.940805	-17.496971
0.001074	-0.148757	0.580434	-0.013818	-4.558915	0.294714	-5.618173	2.75	2.4	-1.03	180.0	180.0	0.0	0.0	20.11879	1.49676	-20.0	-20.0	59.532379	-9.3034	49.761461	5.112311	5.384449	-5.0	280.33098	-7056.391555	-589.511672	195.772608	-8288.106275	8288.277938	35.093904	40.146623	229.517519	-140.290076	0.0	0.0	17.642762	-1.935627	-17.536259
0.00069	-0.233888	0.414149	-0.031712	-5.248324	-0.826991	-6.472239	2.75	2.4	-1.318244	180.0	180.0	0.0	0.0	20.11879	1.49676	-20.0	-20.0	60.217278	-9.303438	49.76147	5.131558	5.403175	-6.0	280.232115	-7958.993981	153.464713	-2.558297	-4218.534924	4218.958177	32.333552	49.977992	229.851978	-140.557493	0.0	0.0	17.675447	-1.930687	-17.569687
0.000123	-0.313917	-0.095561	-0.035012	-4.206946	-0.964862	-7.187253	2.75	2.4	-0.641724	180.0	180.0	0.0	0.0	20.11879	1.49676	-20.0	-20.0	59.659255	-9.303475	49.761479	5.131749	5.403888	-7.0	280.1208	-4342.451616	533.842764	-236.539384	2614.993181	2618.11394	32.851064	56.6946	230.229873	-140.862434	0.0	0.0	17.712693	-1.924762	-17.607804
-0.000356	-0.36534	-0.399317	-0.020676	-1.647189	-0.076324	-7.436852	2.75	2.4	0.617742	180.0	180.0	0.0	0.0	20.127268	1.49676	-20.0	-20.0	59.445479	-9.303512	49.761489	5.150863	5.403888	-7.0	280.001552	54.202307	1164.58555	-373.422261	7392.060287	7392.379309	30.015289	61.751388	230.632775	-141.189768	0.0	0.0	17.752654	-1.918171	-17.648721
-0.000483	-0.36244	-0.239726	0.000292	1.871672	0.706041	-7.34468	2.75	2.4	2.066957	180.0	180.0	0.0	0.0	20.138229	1.49676	-20.0	-20.0	60.087225	-9.303548	49.761498	5.151188	5.414925	-7.0	279.904309	1368.870502	1555.432582	-361.420596	4293.183488	4293.562681	30.66814	45.965471	230.945085	-141.445646	0.0	0.0	17.783874	-1.912798	-17.680706
-0.00035	-0.316277	0.10283	0.023177	5.610497	0.963294	-7.293875	2.75	2.4	0.507449	180.0	180.0	0.0	0.0	20.138229	1.49676	-20.0	-20.0	60.004286	-9.30358	49.761505	5.152741	5.405441	-7.0	279.768405	-1341.929731	1352.895837	-243.211123	-2012.835184	2013.301167	33.209726	26.16277	231.195416	-141.65756	0.0	0.0	17.809657	-1.907651	-17.707195
0.000582	-0.147147	0.480905	0.048836	6.511844	-0.1175	-7.913659	2.75	2.4	-0.83384	180.0	180.0	0.0	0.0	20.138229	1.49676	-20.0	-20.0	59.688467	-9.303624	49.761516	5.170626	5.423326	-7.0	279.631058	-5516.694197	-938.084488	211.970089	-5972.88191	5973.075992	32.087777	35.89889	231.65993	-142.056957	0.0	0.0	17.858197	-1.897341	-17.75712
0.001314	-0.072251	0.210402	0.036105	2.089757	-0.810888	-8.56396	2.75	2.4	-0.72	180.0	180.0	0.0	0.0	20.138229	1.49676	-20.0	-20.0	60.318628	-9.303661	49.761526	5.170626	5.423326	-8.0	279.490792	-5664.368936	-1725.109748	453.106793	-1672.926881	1673.811203	33.238552	42.350401	232.014132	-142.362694	0.0	0.0	17.895351	-1.889333	-17.795337
0.001644	-0.079713	-0.196699	0.002288	-2.702064	-0.630974	-9.026189	2.75	2.4	-0.261269	180.0	180.0	0.0	0.0	20.138229	1.49676	-20.0	-20.0	59.582333	-9.303698	49.761535	5.190065	5.433796	-8.921569	279.341569	-2220.776592	-1246.744419	461.445504	3927.612936	3928.025404	33.567141	45.162714	232.393491	-142.689769	0.0	0.0	17.935111	-1.880803	-17.836221
0.0014	-0.145873	-0.308218	-0.032236	-5.328557	0.168217	-9.096837	2.75	2.4	0.999048	180.0	180.0	0.0	0.0	20.138229	1.49676	-20.0	-20.0	60.154935	-9.303734	49.761544	5.198074	5.442765	-8.694421	279.241854	513.553066	-459.258869	248.716883	6059.983887	6060.216312	32.471771	41.939265	232.750767	-143.000641	0.0	0.0	17.972881	-1.872419	-17.87508
0.000851	-0.220096	-0.100871	-0.050956	-5.840905	0.773071	-9.062271	2.75	2.4	1.532464	180.0	180.0	0.0	0.0	20.142238	1.49676	-20.0	-20.0	60.244008	-9.303772	49.761553	5.209503	5.442765	-8.37619	279.066238	-172.114715	67.91655	-16.339745	3045.335495	3045.913199	32.811154	35.507298	233.040392	-143.255196	0.0	0.0	18.00379	-1.865309	-17.906899
-0.00031	-0.335571	0.44793	-0.049851	-4.234814	0.525234	-9.351861	2.75	2.4	0.35	180.0	180.0	0.0	0.0	20.157667	1.49676	-20.0	-20.0	59.876984	-9.303807	49.761562	5.209503	5.442765	-9.0	278.890874	-5297.237734	846.238802	-465.206111	-5620.160133	5620.276775	33.209876	14.24937	233.460368	-143.640171	0.0	0.0	18.05039	-1.853046	-17.955021
-0.000912	-0.376616	0.439939	-0.021528	-0.43168	-0.533192	-10.042986	2.75	2.4	-1.856972	180.0	180.0	0.0	0.0	20.157667	1.49676	-20.0	-20.0	60.469476	-9.303847	49.761572	5.228557	5.442765	-9.897045	278.735053	-6934.879276	1602.360964	-594.429661	-5367.168443	5367.330203	30.858909	27.824265	233.777835	-143.937955	0.0	0.0	18.086387	-1.842968	-17.992244
-0.00092	-0.337114	6.4e-05	0.02236	5.133371	-1.007153	-10.73271	2.75	2.4	-0.979237	180.0	180.0	0.0	0.0	20.157667	1.49676	-20.0	-20.0	59.822475	-9.303885	49.761582	5.228942	5.462203	-10.0	278.560882	-4622.12434	1656.626056	-451.431457	471.145342	628.097687	28.46598	38.496288	234.149329	-144.281142	0.0	0.0	18.127927	-1.831767	-18.035143
-0.000216	-0.223819	-0.40253	0.062611	7.732672	-0.467334	-11.006394	2.75	2.4	0.557097	180.0	180.0	0.0	0.0	20.157667	1.49676	-20.0	-20.0	60.574137	-9.303923	49.761592	5.238555	5.462203	-10.094118	278.371882	-107.518619	-40.217106	-56.946787	5674.960945	5675.149817	29.424934	35.532381	234.530583	-144.633822	0.0	0.0	18.170629	-1.82024	-18.079228
0.000786	-0.121506	-0.396702	0.074026	6.188714	0.448832	-10.910723	2.75	2.4	1.563945	180.0	180.0	0.0	0.0	20.157667	1.49676	-20.0	-20.0	60.016362	-9.303959	49.761601	5.24838	5.462203	-10.364055	278.237281	1546.823941	-1112.489704	358.846178	6391.419377	6391.539139	31.419971	23.124816	234.846303	-144.931273	0.0	0.0	18.206606	-1.81003	-18.116409
0.004911	-0.188676	-0.302052	0.181686	8.798427	3.145131	-32.474676	2.751392	2.401856	1.361524	180.0	180.0	0.0	0.0	20.157667	1.49676	5.0	5.0	60.233162	-9.303991	49.761609	5.249361	5.462203	-30.287745	278.0275	-190.923244	-1619.865156	640.622536	2536.91249	2813.290088	30.65329	17.864872	235.097644	-145.17385	0.0	0.0	18.235903	-1.80119	-18.146731
0.0068489999999999	-0.230259	1.7748810000000002	-0.036357	-10.913901	1.324443	-33.886107	2.777165	2.43622	-0.43	180.0	180.0	0.0	0.0	20.157667	1.49676	5.0	5.0	60.035231	-9.304036	49.76162	5.267528	5.462203	-33.0	277.833273	-5409.815088	-1020.828231	665.042707	-6927.70955	6927.789862	30.791854	12.754214	235.549769	-145.620994	0.0	0.0	18.289834	-1.783959	-18.202624
0.0050279999999999	-0.32784	1.59801	-0.1607009999999999	1.121736	-1.779759	-35.395074	2.78	2.44	0.082475	180.0	180.0	0.0	0.0	20.177106	1.49676	5.0	5.0	60.537007	-9.304074	49.76163	5.267819	5.462203	-33.0	277.641765	-4293.537577	1223.095741	291.750503	-4384.949225	4385.032628	24.145736	12.118634	235.898194	-145.964263	0.0	0.0	18.331267	-1.770843	-18.245533
0.002187	-0.247821	0.351921	-0.16842	5.504904	-2.65932	-36.77652	2.78	2.44	-0.194575	180.0	180.0	0.0	0.0	20.177106	1.49676	5.0	5.0	60.296441	-9.304111	49.761639	5.27854	5.462203	-36.0	277.442264	-3556.091466	-475.484894	-78.871675	1322.90349	1498.179622	26.431536	21.252401	236.222595	-146.295625	0.0	0.0	18.371183	-1.757181	-18.286953
-0.000231	-0.2319959999999999	-0.658989	-0.123123	-5.387409	-1.083237	-37.515114	2.78	2.44	-0.045034	180.0	180.0	0.0	0.0	20.177106	1.49676	5.0	5.0	60.604316	-9.304149	49.761649	5.287257	5.462203	-36.0	277.311367	-771.969264	-1676.584104	-343.580913	4240.457427	4240.601685	26.259991	23.09946	236.586292	-146.656928	0.0	0.0	18.414803	-1.743122	-18.332116
-0.001539	-0.3837	-0.761787	-0.092136	-17.067789	0.383529	-37.566234	2.78	2.44	0.702236	180.0	180.0	0.0	0.0	20.177106	1.49676	5.0	5.0	60.554792	-9.304186	49.761658	5.287257	5.465207	-36.0	277.051063	236.970143	-1366.786842	-479.679158	3702.858054	3702.998662	28.311686	14.927742	236.856648	-146.92918	0.0	0.0	18.447655	-1.732218	-18.366148
-0.0030029999999999	-0.8619269999999999	0.044793	-0.053991	-24.933432000000003	1.73784	-37.597878	2.78	2.44	0.36	180.0	180.0	0.0	0.0	20.177106	1.49676	5.0	5.0	60.747005	-9.304219	49.761666	5.287257	5.481447	-36.0	276.812453	-842.976802	321.684488	-614.840558	-514.371636	602.998142	24.167651	11.941653	237.276759	-147.363467	0.0	0.0	18.499994	-1.71389	-18.420433
-0.0034679999999999	-1.229238	0.691119	-0.005067	-17.943966	0.444642	-38.270175	2.78	2.44	-0.276733	180.0	180.0	0.0	0.0	20.177106	1.49676	5.0	5.0	60.295036	-9.304263	49.761677	5.306695	5.481641	-36.0	276.601961	-4291.073672	1035.127623	-634.087925	-4120.118185	4120.215012	26.682917	9.254049	237.581502	-147.666847	0.0	0.0	18.536362	-1.698762	-18.458356
-0.002967	-1.439601	0.464673	0.061362	-7.206771	-1.134201	-40.053225	2.78	2.44	-0.939814	180.0	180.0	0.0	0.0	20.177106	1.49676	5.0	5.0	60.904977	-9.304301	49.761687	5.306695	5.481641	-39.0	276.391765	-6419.234995	1263.443678	-491.15226	-1726.888963	1727.044398	22.298085	5.863733	237.864966	-147.913063	0.0	0.0	18.565516	-1.682363	-18.489133
-0.00141	-1.446465	-0.216966	0.129165	6.835413000000001	-1.334592	-41.968149	2.78	2.44	-1.412038	180.0	180.0	0.0	0.0	20.196544	1.49676	5.0	5.0	60.357862	-9.304339	49.761697	5.316667	5.481641	-41.483721	276.161667	-4785.664396	1849.476597	-217.004699	1365.557608	1441.605509	21.23482	14.292242	238.145079	-148.159504	0.0	0.0	18.594657	-1.665279	-18.519938
0.001017	-1.207122	-0.6155550000000001	0.1952729999999999	24.368070000000003	-0.2903099999999999	-42.949875	2.78	2.44	0.208813	180.0	180.0	0.0	0.0	20.196544	1.49676	5.0	5.0	60.547778	-9.304376	49.761706	5.326134	5.474178	-42.0	275.998207	-1567.48026	2059.145498	161.467609	3259.917544	3260.046018	19.712294	21.189472	238.436302	-148.410544	0.0	0.0	18.624453	-1.648883	-18.551318
0.003594	-0.850347	-0.532722	0.237432	33.38463	0.685668	-43.070706	2.78	2.44	1.367594	180.0	180.0	0.0	0.0	20.196544	1.49676	5.0	5.0	59.359847	-9.304414	49.761716	5.326134	5.462203	-42.0	275.704752	829.711284	694.682914	533.716784	2069.645524	2069.807993	19.531402	16.717106	238.675796	-148.616821	0.0	0.0	18.648953	-1.635444	-18.577103
0.008901	-0.05706	0.2449319999999999	0.190338	28.500912	1.065981	-42.459336	2.78	2.44	1.190833	180.0	180.0	0.0	0.0	20.196544	1.49676	5.0	5.0	59.407219	-9.304452	49.761726	5.326134	5.462203	-42.0	275.451584	403.303786	-1787.338878	1158.119435	-877.419711	877.777765	23.698996	-5.660007	239.081964	-148.978753	0.0	0.0	18.691765	-1.609461	-18.622344
0.010674	0.2382389999999999	0.6483209999999999	0.014358	5.781603	0.427419	-42.754725	2.78	2.44	0.311944	180.0	180.0	0.0	0.0	20.196544	1.49676	5.0	5.0	59.406736	-9.304492	49.761736	5.326134	5.462203	-42.0	275.212115	-2029.603489	-2722.191783	1193.573953	-1874.156762	1874.330869	25.239439	-3.759965	239.326745	-149.206727	0.0	0.0	18.718595	-1.591203	-18.650841
0.008967	0.134964	0.6656850000000001	-0.218145	-15.821448	-0.256029	-43.663581	2.78	2.44	-0.600984	180.0	180.0	0.0	0.0	20.196544	1.49676	5.0	5.0	59.193554	-9.30453	49.761746	5.345337	5.462203	-42.0	274.971961	-3887.691508	-1521.93998	719.108876	-994.37866	994.71025	25.461489	-3.127671	239.585355	-149.443806	0.0	0.0	18.746579	-1.572909	-18.680476
0.003753	-0.221892	0.4476449999999999	-0.3848939999999999	-24.101637000000004	-0.456585	-45.021348	2.78	2.44	-1.238211	180.0	180.0	0.0	0.0	20.204648	1.49676	5.0	5.0	59.702227	-9.304568	49.761756	5.345572	5.462203	-44.406654	274.820138	-3922.788565	-57.475247	-123.037271	487.999003	512.367796	21.466395	-1.457877	239.849505	-149.688744	0.0	0.0	18.775472	-1.553489	-18.711093
-0.001281	-0.519498	0.3183749999999999	-0.393978	-22.121073	-0.235113	-45.847902	2.78	2.44	-0.220843	180.0	180.0	0.0	0.0	20.215983	1.49676	5.0	5.0	59.292795	-9.304604	49.761765	5.345572	5.462203	-45.0	274.534725	-2583.613263	532.080777	-774.883185	370.610232	371.355838	22.291669	3.433136	240.065374	-149.886126	0.0	0.0	18.798816	-1.538354	-18.735766
-0.007836	-0.889356	0.163296	-0.213648	-12.659949	-0.384387	-46.621347	2.78	2.44	1.04	180.0	180.0	0.0	0.0	20.215983	1.49676	5.0	5.0	59.611179	-9.304636	49.761773	5.345572	5.462203	-45.0	274.21757	-1549.618232	1235.854683	-1415.081545	-870.634329	870.946236	23.114868	-2.316619	240.416506	-150.207434	0.0	0.0	18.836845	-1.513671	-18.775929
-0.00921	-0.978948	-0.128028	0.0554999999999999	3.393351	-0.7088220000000001	-47.181615	2.78	2.44	0.252187	180.0	180.0	0.0	0.0	20.215983	1.49676	5.0	5.0	59.592952	-9.304683	49.761785	5.345572	5.462203	-45.0	273.952941	-2098.178201	2172.577972	-1297.862115	-511.683357	512.221413	20.633261	-11.174835	240.681347	-150.458134	0.0	0.0	18.866422	-1.492849	-18.807267
-0.005973	-0.7414769999999999	-0.4562549999999999	0.328656	23.91513	-0.324369	-47.91219	2.78	2.44	-0.614051	180.0	180.0	0.0	0.0	20.215983	1.49676	5.0	5.0	59.285937	-9.304722	49.761795	5.365011	5.462203	-47.371458	273.693679	-1917.074036	1491.235234	-590.645532	2307.799831	2307.926178	23.548375	-4.392306	240.932482	-150.699715	0.0	0.0	18.894896	-1.472088	-18.837464
0.000843	-0.2627549999999999	-0.22713	0.487149	32.291733	1.352727	-48.229923	2.78	2.44	-0.155024	180.0	180.0	0.0	0.0	20.215983	1.49676	5.0	5.0	59.812754	-9.30476	49.761805	5.365011	5.452151	-48.0	273.422679	181.743701	-114.956906	457.029401	4324.242021	4324.299493	22.181521	-2.219784	241.20791	-150.956552	0.0	0.0	18.92531	-1.451459	-18.869569
0.008208	0.1809359999999999	0.755244	0.440715	22.310934	2.326122	-48.189429	2.78	2.44	-0.040361	180.0	180.0	0.0	0.0	20.215983	1.49676	5.0	5.0	59.469098	-9.304797	49.761814	5.365011	5.442765	-46.630173	273.244419	-221.65571	-2228.545262	1349.341911	-912.916269	1781.863532	22.640566	-14.283586	241.451111	-151.188736	0.0	0.0	18.952755	-1.431819	-18.898592
0.012561	0.342126	1.4838900000000002	0.250209	3.357147	1.264554	-48.343803	2.78	2.44	0.565839	180.0	180.0	0.0	0.0	20.219271	1.49676	5.0	5.0	59.790543	-9.304836	49.761824	5.36714	5.442765	-48.0	272.931842	-1137.179453	-2928.711594	1697.750521	-5555.84228	5555.909943	24.02518	-12.938066	241.630952	-151.365671	0.0	0.0	18.973615	-1.415913	-18.920709
0.012549	0.04692	0.992151	-0.270732	-25.777983	-2.662017	-49.113522	2.78	2.44	1.65	180.0	180.0	0.0	0.0	20.235421	1.49676	5.0	5.0	59.936362	-9.304872	49.761833	5.384312	5.442765	-48.0	272.621782	-2581.3111	-1127.612404	1118.716427	-4179.453744	4179.567473	23.120071	-20.280101	241.965753	-151.692958	0.0	0.0	19.01227	-1.386857	-18.96162
0.005586	-0.433305	-0.664656	-0.535029	-29.273952	-3.1771709999999995	-50.13351899999999	2.78	2.44	-0.733293	180.0	180.0	0.0	0.0	20.235421	1.49676	-45.0	-45.0	59.469702	-9.304914	49.761844	5.384449	5.442765	-48.0	272.34297	-3763.517558	425.874276	-67.985023	2964.509899	3010.671631	21.804238	-32.450872	242.169023	-151.908165	0.0	0.0	19.03751	-1.364862	-18.988521
-0.003597	-0.8659950000000001	-1.724949	-0.5369700000000001	-22.100547	-0.597558	-51.468204	2.78	2.44	-2.105376	180.0	180.0	0.0	0.0	20.235421	1.49676	-45.0	-45.0	59.651341	-9.304953	49.761854	5.384449	5.442765	-51.0	272.062596	-4027.988632	1075.866947	-1246.118841	7354.299819	7354.364935	23.262423	-20.317184	242.370902	-152.124517	0.0	0.0	19.062884	-1.342328	-19.015565
-0.010752	-1.131768	-1.072512	-0.290244	-8.444256	2.975919	-52.59489599999999	2.78	2.44	-1.993469	180.0	180.0	0.0	0.0	20.235421	1.49676	-45.0	-45.0	60.00309	-9.304991	49.761863	5.384449	5.423614	-51.0	271.775217	-2549.210658	1915.521153	-1876.657314	6009.786183	6009.818083	19.286185	-3.209271	242.629103	-152.38069	0.0	0.0	19.093195	-1.318926	-19.047586
-0.012411	-1.122615	0.473247	0.0129179999999999	8.824779	4.0478700000000005	-52.904238	2.78	2.44	0.599359	180.0	180.0	0.0	0.0	20.235421	1.49676	-45.0	-45.0	59.630764	-9.305028	49.761872	5.384449	5.423326	-51.0	271.553134	79.599077	2550.841101	-1744.066679	-811.169974	2897.430507	18.303472	-6.417749	242.863797	-152.603341	0.0	0.0	19.119689	-1.300345	-19.075418
-0.01062	-0.912897	1.836738	0.3129929999999999	26.876334	2.675775	-52.758345	2.78	2.44	2.10027	180.0	180.0	0.0	0.0	20.235421	1.49676	-45.0	-45.0	60.064762	-9.305067	49.761882	5.384449	5.423326	-51.0	271.209459	360.039612	1862.426035	-1183.748571	-9563.247967	9563.282157	17.418779	-18.720368	243.053859	-152.792282	0.0	0.0	19.142082	-1.283021	-19.099035
0.0025109999999999	-0.012879	1.138602	0.6707460000000001	39.275913	-4.012638	-52.751946	2.78	2.44	1.412008	180.0	180.0	0.0	0.0	20.235421	1.49676	-45.0	-45.0	60.097298	-9.305108	49.761892	5.384449	5.423326	-51.0	270.892673	-545.703994	-932.383303	873.944423	-4120.375886	4120.606376	19.574456	-38.498258	243.370889	-153.131619	0.0	0.0	19.182077	-1.247744	-19.141452
0.012882	0.49797	-1.069539	0.530778	18.540882	-3.700563	-53.140938000000006	2.78	2.44	-1.201604	180.0	180.0	0.0	0.0	20.25486	1.49676	-45.0	-45.0	59.716411	-9.305147	49.761901	5.384449	5.403888	-51.0	270.602647	-2006.734405	-3267.831246	2026.695846	6452.781515	6453.041852	21.366676	-49.785129	243.522743	-153.320559	0.0	0.0	19.204109	-1.22388	-19.16507
0.018213	0.5349029999999999	-1.964958	0.097728	-12.812763	0.26376	-53.90356800000001	2.78	2.44	-2.052134	180.0	180.0	0.0	0.0	20.25486	1.49676	-45.0	-45.0	59.684678	-9.305186	49.761911	5.403888	5.403888	-53.530173000000005	270.30283	-2403.212774	-2469.849525	2222.305153	8479.266818	8479.394932	23.828662	-40.053343	243.672437	-153.507194	0.0	0.0	19.225901	-1.200255	-19.188399
0.015681	0.175485	-0.982302	-0.3924449999999999	-28.940922	3.202674	-54.642981000000006	2.78	2.44	-1.899938	180.0	180.0	0.0	0.0	20.25486	1.49676	-45.0	-45.0	60.083904	-9.305224	49.76192	5.403888	5.403888	-54.0	270.094018	-2334.261837	-846.571401	1369.443461	2989.338377	2989.483255	20.19489	-20.32662	243.86233	-153.719396	0.0	0.0	19.250925	-1.176765	-19.214924
0.0089939999999999	-0.208332	0.363819	-0.648792	-31.312245	3.5108550000000003	-55.115853	2.78	2.44	0.40907	180.0	180.0	0.0	0.0	20.25486	1.49676	-45.0	-45.0	59.757241	-9.305261	49.761929	5.403888	5.396892	-54.0	269.739178	-1226.288151	239.114904	247.530293	-1549.602158	1550.068567	18.493445	-8.554771	244.059541	-153.917214	0.0	0.0	19.27449	-1.158321	-19.239652
-0.006345	-0.812049	1.896042	-0.66096	-21.359649	0.139179	-55.055961	2.78	2.44	2.91	180.0	180.0	0.0	0.0	20.25486	1.49676	-45.0	-45.0	59.683972	-9.305297	49.761938	5.403888	5.384449	-54.0	269.3927	887.755775	1383.337929	-1709.532583	-8306.034229	8306.166289	17.598877	-43.326246	244.383124	-154.251339	0.0	0.0	19.314241	-1.125541	-19.281417
-0.014595	-1.031721	1.036497	-0.302382	-3.663111	-3.046092	-55.209561	2.78	2.44	0.140865	180.0	180.0	0.0	0.0	20.25486	1.49676	-45.0	-45.0	60.087844	-9.305342	49.761949	5.403888	5.384449	-54.0	269.082941	-1852.571678	2457.114446	-2373.328478	-2424.675228	2416.60737	17.919042	-56.359301	244.515513	-154.432515	0.0	0.0	19.335402	-1.100395	-19.304064
-0.015399	-0.874131	-0.571107	0.209169	23.124765	-2.691624	-55.946358	2.78	2.44	-1.503137	180.0	180.0	0.0	0.0	20.25486	1.49676	-45.0	-45.0	60.131555	-9.305381	49.761958	5.403888	5.365011	-54.0	268.774412	-2455.908828	2239.287228	-1923.083164	4023.494136	4023.859218	15.688271	-49.184691	244.640144	-154.608961	0.0	0.0	19.356005	-1.075169	-19.32612
-0.008196	-0.339948	-1.329825	0.651753	40.758801	-0.295386	-56.583843	2.78	2.44	-1.522414	180.0	180.0	0.0	0.0	20.274298	1.49676	-45.0	-45.0	59.772779	-9.305419	49.761968	5.403888	5.365011	-55.352304	268.463333	-1229.398198	1071.220302	-524.567511	5504.151063	5504.350429	16.070896	-43.999435	244.793525	-154.802824	0.0	0.0	19.378835	-1.050268	-19.350353
0.002496	0.259671	-0.961662	0.814932	40.391547	1.6957620000000002	-56.843001	2.78	2.44	-0.599344	180.0	180.0	0.0	0.0	20.274298	1.49676	-45.0	-45.0	60.051396	-9.305455	49.761976	5.403888	5.353238	-54.0	268.221788	-474.151516	-1447.448519	1016.977816	3414.664551	3414.906353	17.391148	-35.212773	244.941397	-154.982298	0.0	0.0	19.400056	-1.02822	-19.372787
0.012414	0.682899	-0.117648	0.716931	23.412987	2.437866	-56.811132	2.78	2.44	0.739333	180.0	180.0	0.0	0.0	20.274298	1.49676	-45.0	-45.0	59.907616	-9.305495	49.761986	5.403888	5.345572	-54.0	267.856138	1186.687937	-3357.44419	2173.296785	106.371303	687.645085	18.138427	-25.199099	245.10099	-155.160279	0.0	0.0	19.421241	-1.008573	-19.395035
0.007149	0.221328	0.397374	-0.013966	-7.472873	0.202146	-18.577998	2.78	2.44	1.685792	180.0	180.0	0.0	0.0	20.274298	1.49676	-20.0	-20.0	59.963349	-9.305536	49.761995	5.403888	5.345572	-18.0	267.523267	1915.030329	-1973.691777	2505.856033	-4537.727595	4538.014811	15.737289	-48.557012	245.381721	-155.480355	0.0	0.0	19.459344	-0.972166	-19.435044
-0.001201	-0.285833	0.15021	0.08438	-4.847018	-1.016833	6.514053	2.93	2.66	-0.439292	180.0	180.0	0.0	0.0	21.226782	1.49676	-21.0	-21.0	59.895278	-9.319492	49.762788	6.064795	6.37581	6.0	282.187333	-7351.942814	-963.830966	-440.840456	-1236.692133	1249.008323	15.550973	151.091639	247.648583	-148.43636	0.0	0.0	18.71564	-2.450316	-18.554545
0.000235	-0.371911	-0.298794	0.102126	-6.295312	-0.858977	5.921802	2.93	2.66	0.397821	180.0	180.0	0.0	0.0	21.226782	1.49676	-21.0	-21.0	59.975817	-9.319534	49.762796	6.064795	6.388604	5.339416	282.286606	-4683.993507	39.431405	157.639648	3370.96573	3374.443416	15.208833	146.523738	248.03822	-148.613358	0.0	0.0	18.738993	-2.461139	-18.57667
0.002067	-0.480369	-0.543384	0.075995	-4.185183	0.17048	5.525515	2.93	2.66	0.78	180.0	180.0	0.0	0.0	21.226782	1.49676	-21.0	-21.0	60.228619	-9.31958	49.762804	6.064795	6.395248	5.0	282.398868	-1495.095545	1098.780222	759.110493	7027.302557	7028.795876	14.461124	144.135498	248.554787	-148.855851	0.0	0.0	18.770802	-2.474521	-18.606981
0.002896	-0.517764	-0.180437	0.020565	-0.232672	1.134057	5.358796	2.93	2.66	0.19128	180.0	180.0	0.0	0.0	21.226782	1.49676	-21.0	-21.0	60.482398	-9.319625	49.762812	6.065105	6.395248	5.0	282.489118	-2372.969067	1314.3733	891.218971	2488.680865	2492.392449	15.495865	133.937101	248.984176	-149.057155	0.0	0.0	18.797218	-2.485678	-18.632144
0.002717	-0.48642	0.3779	-0.039045	3.871769	0.795586	4.881086	2.93	2.66	-0.704334	180.0	180.0	0.0	0.0	21.226782	1.49676	-21.0	-21.0	60.679878	-9.31967	49.76282	6.064795	6.395248	4.127188	282.574604	-7144.191212	1188.675698	644.402818	-5890.564177	5891.991661	14.006472	128.62853	249.383061	-149.242404	0.0	0.0	18.821571	-2.496258	-18.6553
0.001698	-0.394784	0.507369	-0.077365	6.985357	-0.245252	4.024648	2.93	2.66	-0.364138	180.0	180.0	0.0	0.0	21.235676	1.49676	-21.0	-21.0	60.754176	-9.319714	49.762829	6.083824	6.405015	3.176849	282.649375	-7897.757492	661.073912	135.26779	-5823.168582	5824.917797	14.694465	141.768851	249.803814	-149.451817	0.0	0.0	18.848769	-2.505692	-18.681477
0.000349	-0.273488	0.202306	-0.079114	6.859958	-0.81307	3.362883	2.93	2.66	0.808213	180.0	180.0	0.0	0.0	21.24622	1.49676	-21.0	-21.0	60.752937	-9.319757	49.762837	6.084233	6.414687	3.0	282.712319	-3416.522962	-929.890211	-387.623424	-536.076894	576.038454	16.197562	142.716959	250.27168	-149.700475	0.0	0.0	18.880711	-2.514236	-18.712559
-0.000479	-0.207638	-0.078692	-0.05796	4.389468	-0.667436	3.211876	2.93	2.66	1.38662	180.0	180.0	0.0	0.0	21.24622	1.49676	-21.0	-21.0	60.740254	-9.319798	49.762845	6.084233	6.414687	3.0	282.763251	-538.065525	-1094.253579	-640.077926	3668.299948	3670.700583	18.234512	129.046553	250.599316	-149.875801	0.0	0.0	18.903209	-2.520072	-18.734475
-0.001111	-0.175042	-0.204886	0.005	-2.030596	0.373802	3.274413	2.93	2.66	1.34511	180.0	180.0	0.0	0.0	21.24622	1.49676	-21.0	-21.0	60.724347	-9.319847	49.762854	6.084233	6.414687	3.0	282.8196	527.703066	-1636.80814	-684.142327	4554.349405	4555.950133	20.306696	119.016285	251.164495	-150.172393	0.0	0.0	18.941391	-2.53086	-18.771549
-0.000637	-0.247591	0.110075	0.047043	-6.200374	0.685142	3.185004	2.93	2.66	-0.20004	180.0	180.0	0.0	0.0	21.24622	1.49676	-21.0	-21.0	60.719049	-9.319891	49.762863	6.084233	6.414687	3.0	282.8746	-3063.092856	-770.331267	-365.371203	-1375.994811	1485.444843	20.706599	110.554318	251.565378	-150.37895	0.0	0.0	18.968091	-2.53899	-18.797393
0.000351	-0.362795	0.357301	0.063163	-6.940591	0.160958	2.562062	2.93	2.66	-1.384402	180.0	180.0	0.0	0.0	21.24622	1.49676	-21.0	-21.0	60.673568	-9.319935	49.762872	6.084233	6.434125	2.0	282.92455	-8644.790696	396.293741	73.752707	-5137.791199	5139.015927	18.426629	110.607523	251.949845	-150.579169	0.0	0.0	18.993876	-2.54651	-18.822396
0.001326	-0.461012	0.205752	0.047635	-4.515672	-0.711608	1.535319	2.93	2.66	-1.491301	180.0	180.0	0.0	0.0	21.24622	1.49676	-21.0	-21.0	60.533429	-9.319979	49.76288	6.103282	6.434125	0.816609	282.961047	-9060.749438	1102.181854	405.042184	-4328.824135	4330.734369	15.599895	127.510783	252.370728	-150.814743	0.0	0.0	19.023891	-2.552732	-18.851843
0.001816	-0.501381	-0.214096	0.017774	-0.961187	-0.913314	0.852234	2.93	2.66	0.052012	180.0	180.0	0.0	0.0	21.251346	1.49676	-21.0	-21.0	60.273977	-9.320021	49.762889	6.103672	6.434125	0.0	282.977834	-3949.382663	1353.154738	486.681864	2239.803827	2820.830662	15.20483	136.414937	252.813292	-151.078907	0.0	0.0	19.057218	-2.557246	-18.884863
0.001899	-0.498287	-0.457638	-0.002908	1.788526	-0.527484	0.690368	2.93	2.66	1.534493	180.0	180.0	0.0	0.0	21.265659	1.49676	-21.0	-21.0	60.045788	-9.320064	49.762898	6.103672	6.434315	0.00547	282.990122	224.902556	1423.682225	440.011251	7447.611327	7448.685848	16.520411	125.396955	253.119367	-151.264291	0.0	0.0	19.080556	-2.560037	-18.908036
0.001346	-0.375551	-0.168545	-0.034688	7.568553	1.137981	1.061714	2.93	2.66	1.732374	180.0	180.0	0.0	0.0	21.265659	1.49676	-21.0	-21.0	59.600186	-9.320112	49.762908	6.103672	6.453564	1.0	283.008486	2527.528643	710.303718	118.059877	2482.319276	2484.509258	19.33765	101.496522	253.753136	-151.641393	0.0	0.0	19.128155	-2.566649	-18.955174
0.000703	-0.249248	0.424398	-0.03728	6.601418	0.956636	1.109274	2.93	2.66	0.254464	180.0	180.0	0.0	0.0	21.265659	1.49676	-21.0	-21.0	59.468303	-9.320156	49.762917	6.103672	6.453564	1.0	283.027798	-2779.364312	-1045.141175	-127.596622	-5095.923599	5096.821166	21.206132	90.930537	254.136953	-151.862858	0.0	0.0	19.156239	-2.571505	-18.982857
0.000156	-0.171313	0.668943	-0.025078	2.750067	-0.044401	0.483506	2.93	2.66	-1.295455	180.0	180.0	0.0	0.0	21.265659	1.49676	-21.0	-21.0	59.445446	-9.320201	49.762926	6.122864	6.453564	0.0	283.04	-8636.019751	-1430.542757	-284.661184	-6778.522422	6779.193815	21.332152	92.989071	254.503879	-152.076624	0.0	0.0	19.183309	-2.575895	-19.009579
-8.1e-05	-0.165447	0.415059	-0.007265	-1.740958	-0.948178	-0.427022	2.93	2.66	-2.313318	180.0	180.0	0.0	0.0	21.265659	1.49676	-21.0	-21.0	59.598674	-9.320245	49.762935	6.12311	6.453564	-0.36	283.035981	-9164.199252	-1538.70442	-313.308865	-4773.352644	4774.542676	20.425703	102.807533	254.867768	-152.300167	0.0	0.0	19.211391	-2.578826	-19.037521
-5.8e-05	-0.217153	-0.088218	0.007864	-5.23843	-1.236638	-1.145753	2.93	2.66	-0.791667	180.0	180.0	0.0	0.0	21.265659	1.49676	-21.0	-21.0	59.946704	-9.320285	49.762944	6.12311	6.457494	-1.0	283.025505	-5539.286671	-922.470534	-255.451911	1336.804844	2187.527103	18.27473	118.889394	255.25156	-152.546407	0.0	0.0	19.242166	-2.580628	-19.068332
0.000285	-0.350582	-0.603646	0.020723	-6.515483	0.019715	-1.310299	2.93	2.66	2.11	180.0	180.0	0.0	0.0	21.265659	1.49676	-21.0	-21.0	60.44029	-9.320333	49.762954	6.12311	6.453952	-1.0	283.0	3871.377113	427.268061	-105.052019	9619.361601	9619.902929	20.184411	99.941641	255.880579	-152.95963	0.0	0.0	19.293558	-2.58239	-19.119954
0.000676	-0.441779	-0.245098	0.022625	-4.084226	1.166676	-0.963794	2.93	2.66	0.996932	180.0	180.0	0.0	0.0	21.285097	1.49676	-21.0	-21.0	60.259088	-9.320378	49.762964	6.142549	6.473275	-0.008772	282.98	1510.904411	1008.429095	40.972795	1483.731069	1485.925457	22.586966	75.431831	256.26766	-153.210816	0.0	0.0	19.324874	-2.583887	-19.151352
0.001005	-0.479397	0.316581	0.014736	-0.359014	0.814973	-1.159677	2.93	2.66	-0.674658	180.0	180.0	0.0	0.0	21.285097	1.49676	-21.0	-21.0	59.723266	-9.320422	49.762974	6.142922	6.473375	-1.0	282.962078	-4806.404767	1291.810119	153.248233	-5651.141943	5651.729852	20.853291	78.218152	256.6354	-153.447542	0.0	0.0	19.354414	-2.585486	-19.180943
0.001135	-0.44943	0.469571	0.001638	3.917632	-0.219885	-1.928524	2.93	2.66	-1.870466	180.0	180.0	0.0	0.0	21.285097	1.49676	-21.0	-21.0	59.289256	-9.320466	49.762983	6.142549	6.482354	-1.69469	282.937669	-8920.918323	1332.004075	171.715944	-5948.618474	5949.232895	19.144967	83.288719	257.013025	-153.698292	0.0	0.0	19.385574	-2.586215	-19.212287
0.001064	-0.355082	0.169578	-0.006708	7.515985	-0.897038	-2.869821	2.93	2.66	-2.371365	180.0	180.0	0.0	0.0	21.285097	1.49676	-21.0	-21.0	59.479757	-9.320506	49.762992	6.148942	6.492441	-2.506098	282.910978	-8109.163871	854.307077	119.876196	-1984.264782	1986.744311	18.20019	93.098241	257.411222	-153.973595	0.0	0.0	19.419603	-2.585641	-19.246699
0.00098	-0.279598	-0.109366	-0.007673	7.887967	-0.93971	-3.312832	2.93	2.66	-0.896667	180.0	180.0	0.0	0.0	21.285097	1.49676	-21.0	-21.0	59.869232	-9.320549	49.763002	6.161117	6.492441	-3.0	282.859554	-5212.519487	-419.968265	82.78551	1798.339269	1801.491484	18.286892	100.646432	257.672485	-154.158132	0.0	0.0	19.442351	-2.584784	-19.269766
0.000808	-0.134321	-0.359981	-0.004034	2.931372	0.504486	-3.378984	2.93	2.66	2.9451	180.0	180.0	0.0	0.0	21.285097	1.49676	-21.0	-21.0	60.023757	-9.3206	49.763013	6.161987	6.492441	-3.0	282.790534	4073.706112	-1439.79506	22.081449	7271.081693	7271.686303	21.439469	91.284079	258.383629	-154.663912	0.0	0.0	19.504648	-2.58202	-19.332989
0.000742	-0.128324	0.125545	-0.004288	-2.229208	1.170978	-2.993108	2.93	2.66	1.92994	180.0	180.0	0.0	0.0	21.285097	1.49676	-21.0	-21.0	59.323235	-9.320644	49.763023	6.162425	6.493317	-2.015663	282.73532	1471.047509	-1584.81658	-11.000348	-1773.561154	1973.257617	25.621806	57.39345	258.784616	-154.94966	0.0	0.0	19.539871	-2.580393	-19.368708
0.000668	-0.20236	0.571798	-0.006606	-6.123234	0.421764	-3.199437	2.93	2.66	-0.811395	180.0	180.0	0.0	0.0	21.304536	1.49676	-21.0	-21.0	59.340695	-9.320689	49.763033	6.181425	6.511879	-3.0	282.685323	-5255.994985	-652.442892	-45.183049	-7019.87261	7020.148462	24.366424	57.159029	259.127648	-155.194737	0.0	0.0	19.570011	-2.578924	-19.399342
0.000546	-0.313463	0.485371	-0.010421	-6.607359	-0.707524	-4.018828	2.93	2.66	-2.506021	180.0	180.0	0.0	0.0	21.304536	1.49676	-21.0	-21.0	60.02846	-9.320734	49.763043	6.181425	6.511879	-3.776842	282.625381	-9222.232235	390.128123	-96.817114	-5426.194237	5426.655998	21.350434	67.331305	259.491514	-155.461793	0.0	0.0	19.602782	-2.576491	-19.432724
0.000412	-0.389544	0.095193	-0.011497	-5.061005	-1.096741	-4.787194	2.93	2.66	-2.059512	180.0	180.0	0.0	0.0	21.304536	1.49676	-21.0	-21.0	60.032616	-9.320774	49.763052	6.191892	6.522346	-4.536585	282.564596	-8096.899588	799.76045	-150.427706	-616.966302	1521.542831	20.929716	77.394721	259.812921	-155.703774	0.0	0.0	19.632388	-2.573593	-19.462972
0.000238	-0.458065	-0.518446	-0.004579	-1.360691	-0.589558	-5.519408	2.93	2.66	-0.7	180.0	180.0	0.0	0.0	21.304536	1.49676	-21.0	-21.0	59.139418	-9.320822	49.763063	6.181425	6.511879	-5.0	282.470882	-1542.23063	1140.962763	-202.057479	6619.508671	6620.035691	20.237464	80.708968	260.36539	-156.126278	0.0	0.0	19.68399	-2.567801	-19.515785
0.000272	-0.44699	-0.50556	0.009463	2.798445	0.643342	-5.469728	2.93	2.66	2.161617	180.0	180.0	0.0	0.0	21.304536	1.49676	-21.0	-21.0	59.727988	-9.320868	49.763074	6.200864	6.511879	-5.0	282.370792	2063.008732	1455.180446	-149.10093	7043.927239	7044.370908	18.860648	76.763372	260.817115	-156.476616	0.0	0.0	19.726715	-2.562465	-19.559577
0.000536	-0.363155	0.041083	0.023758	7.224466	1.308366	-5.258145	2.93	2.66	1.970772	180.0	180.0	0.0	0.0	21.304536	1.49676	-21.0	-21.0	59.898244	-9.320912	49.763084	6.200864	6.531317	-5.0	282.28545	956.466745	1186.764676	0.957294	-1128.999146	1558.551069	21.976388	57.460741	261.227229	-156.796673	0.0	0.0	19.765725	-2.557375	-19.599584
0.000978	-0.229595	0.594749	0.029397	7.785941	0.650973	-5.376373	2.93	2.66	0.285441	180.0	180.0	0.0	0.0	21.313298	1.49676	-21.0	-21.0	59.116099	-9.320957	49.763095	6.220033	6.531317	-5.0	282.200882	-3380.726129	-521.45672	204.08634	-7541.571074	7541.753017	21.706332	47.228393	261.593195	-157.087992	0.0	0.0	19.801157	-2.552129	-19.635999
0.001333	-0.137763	0.622058	0.022862	5.138452	-0.420999	-5.837737	2.93	2.66	-1.409412	180.0	180.0	0.0	0.0	21.323974	1.49676	-21.0	-21.0	59.473743	-9.321001	49.763105	6.220302	6.531317	-5.579918	282.109461	-6718.205391	-1467.651416	313.667138	-7238.011669	7238.234357	22.703662	51.005104	261.892334	-157.330362	0.0	0.0	19.830582	-2.547317	-19.666295
0.001537	-0.096774	0.326037	0.009626	1.214772	-1.053216	-6.426048	2.93	2.66	-1.560703	180.0	180.0	0.0	0.0	21.323974	1.49676	-21.0	-21.0	59.924022	-9.32104	49.763114	6.220302	6.531317	-6.077617	282.008626	-7264.992677	-1675.391515	347.743229	-2329.98526	2729.390258	23.031834	61.227284	262.184591	-157.567746	0.0	0.0	19.859398	-2.542543	-19.695968
0.001358	-0.154793	-0.381916	-0.026006	-5.534773	-0.513958	-7.154183	2.93	2.66	1.144911	180.0	180.0	0.0	0.0	21.323974	1.49676	-21.0	-21.0	59.042178	-9.321091	49.763126	6.220302	6.531317	-7.0	281.881569	-903.208008	-882.330064	153.68903	6096.74315	6097.134308	22.433409	65.2462	262.816154	-158.081831	0.0	0.0	19.9218	-2.532092	-19.760229
0.000791	-0.262258	-0.394493	-0.041632	-6.805242	0.43741	-7.120999	2.93	2.66	1.604542	180.0	180.0	0.0	0.0	21.323974	1.49676	-21.0	-21.0	59.822567	-9.321136	49.763137	6.239559	6.531317	-6.265165	281.761942	789.831943	169.235709	-120.611527	5323.37814	5323.723875	22.262226	56.432343	263.242892	-158.43617	0.0	0.0	19.964731	-2.52417	-19.804521
0.000119	-0.365463	0.026426	-0.038169	-5.290589	1.062876	-7.121476	2.93	2.66	0.623362	180.0	180.0	0.0	0.0	21.323974	1.49676	-21.0	-21.0	59.24967	-9.32118	49.763147	6.239741	6.550756	-7.0	281.6508	-1279.740174	752.930862	-363.622524	-38.500169	203.743492	24.387255	55.766957	263.658327	-158.782292	0.0	0.0	20.006661	-2.516314	-19.847787
-0.00035	-0.430593	0.493419	-0.017991	-2.389447	0.5712	-7.414299	2.93	2.66	-0.517692	180.0	180.0	0.0	0.0	21.323974	1.49676	-21.0	-21.0	59.354036	-9.321225	49.763158	6.258834	6.569849	-7.323579	281.531311	-4931.091801	1120.917772	-469.378893	-6704.583311	6704.689797	21.753062	30.157897	264.042746	-159.110045	0.0	0.0	20.046279	-2.508124	-19.888756
-0.000427	-0.438657	0.505184	0.004777	1.043908	-0.445941	-8.046196	2.9425	2.67875	-2.01125	180.0	180.0	0.0	0.0	21.328414	1.49676	-21.0	-21.0	59.782077	-9.321263	49.763167	6.259179	6.550756	-8.165593	281.413684	-8490.358503	1479.868577	-413.051445	-7917.143823	7917.292514	19.421363	43.321574	264.332363	-159.369263	0.0	0.0	20.077468	-2.500439	-19.921158
-4.5e-05	-0.406661	-0.114272	0.032766	1.513734	-1.405001	-9.206212	2.95	2.69	-2.22	180.0	180.0	0.0	0.0	21.343413	1.49676	-21.0	-21.0	59.997643	-9.321311	49.763179	6.259179	6.550756	-9.0	281.251942	-8154.943728	141.435427	-185.40254	679.336533	841.869321	20.568125	53.716058	264.807671	-159.792331	0.0	0.0	20.128414	-2.488116	-19.974041
0.000585	-0.372288	-0.699907	0.041677	2.868724	-0.631118	-9.845266	2.95	2.69	0.754462	180.0	180.0	0.0	0.0	21.343413	1.49676	-21.0	-21.0	59.257015	-9.321359	49.763191	6.259179	6.550756	-9.0	281.092264	-2500.843211	610.15789	73.87226	9258.125478	9258.322772	20.18787	56.64801	265.265423	-160.199126	0.0	0.0	20.177424	-2.476328	-20.024891
0.001267	-0.309185	-0.62354	0.039542	4.505055	0.87284	-9.851942	2.95	2.69	2.065717	180.0	180.0	0.0	0.0	21.343413	1.49676	-21.0	-21.0	60.001082	-9.321404	49.763201	6.278438	6.550756	-9.0	280.931837	1922.69965	332.178402	322.760199	7737.004619	7737.163146	20.187786	45.217231	265.717092	-160.607271	0.0	0.0	20.226536	-2.463864	-20.075909
0.001802	-0.228115	0.049753	0.026029	5.239669	1.546103	-9.656349	2.95	2.69	1.1975	180.0	180.0	0.0	0.0	21.343413	1.49676	-21.0	-21.0	59.319141	-9.321449	49.763212	6.278618	6.550756	-9.0	280.771058	1052.151939	186.661087	492.787439	-1278.451009	1621.992452	22.029519	44.665873	266.130585	-160.986471	0.0	0.0	20.272117	-2.451769	-20.123309
0.00204	-0.146971	0.697342	0.005241	4.827682	0.874568	-9.667068	2.95	2.69	-0.057933	180.0	180.0	0.0	0.0	21.343413	1.49676	-21.0	-21.0	60.038877	-9.321494	49.763223	6.260952	6.53309	-9.276882	280.615238	-2518.777914	38.783947	519.737961	-7936.891453	7936.963842	20.823784	24.767259	266.518279	-161.346278	0.0	0.0	20.315335	-2.439904	-20.168285
0.001991	-0.086949	0.816692	-0.00936	5.085102	-0.16306	-10.010874	2.95	2.69	-1.002308	180.0	180.0	0.0	0.0	21.343413	1.49676	-21.0	-21.0	59.709099	-9.321533	49.763233	6.281756	6.553894	-10.08126	280.472768	-6087.234423	122.292449	457.882024	-9290.384783	9290.422959	20.54116	16.614471	266.767476	-161.591122	0.0	0.0	20.344607	-2.430605	-20.19889
0.001585	0.022288	0.189046	-0.023141	4.220759	-1.428599	-10.990965	2.95	2.69	-0.919721	180.0	180.0	0.0	0.0	21.343413	1.49676	-21.0	-21.0	60.168826	-9.321584	49.763245	6.298056	6.570194	-10.910448	280.270882	-5949.323835	-970.22345	255.330736	507.166492	677.687348	18.902829	38.709875	267.252301	-162.067969	0.0	0.0	20.401632	-2.412452	-20.258496
0.001153	0.056812	-0.437227	-0.028097	-0.541573	-0.824391	-11.419149	2.95	2.69	0.577285	180.0	180.0	0.0	0.0	21.362851	1.49676	-21.0	-21.0	59.531078	-9.321629	49.763256	6.298056	6.569922	-11.0	280.081765	-1752.06049	-1817.74174	63.727473	6741.860887	6742.00265	19.4553	39.017523	267.69116	-162.485781	0.0	0.0	20.451761	-2.397725	-20.310723
0.000628	-0.000631	-0.529276	-0.036872	-6.083825	0.4901	-11.392373	2.95	2.69	1.349812	180.0	180.0	0.0	0.0	21.362851	1.49676	-21.0	-21.0	60.141129	-9.321674	49.763267	6.298056	6.570194	-11.0	279.891942	1277.823402	-1428.612058	-173.667529	7827.261433	7827.332615	20.132699	26.61579	268.107763	-162.891597	0.0	0.0	20.500377	-2.382611	-20.36145
-2.2e-05	-0.130412	-0.036605	-0.042405	-8.632817	1.215242	-11.306833	2.95	2.69	0.493211	180.0	180.0	0.0	0.0	21.362851	1.49676	-21.0	-21.0	59.77149	-9.321719	49.763278	6.317127	6.578925	-11.0	279.702045	-467.925513	29.777793	-436.886982	73.694769	106.483486	18.1798	23.81722	268.48966	-163.274479	0.0	0.0	20.546158	-2.367417	-20.40931
-0.000588	-0.251354	0.458113	-0.034074	-7.075936	0.767172	-11.474328	2.95	2.69	-0.327203	180.0	180.0	0.0	0.0	21.362851	1.49676	-21.0	-21.0	60.026989	-9.321764	49.763289	6.321675	6.574375	-11.0	279.554245	-3175.665097	972.421939	-609.088286	-6359.209446	6359.294373	14.291483	27.605301	268.838842	-163.624543	0.0	0.0	20.588033	-2.353526	-20.453068
-0.000864	-0.313778	0.603547	-0.020818	-5.000428	0.078614	-11.724197	2.95	2.69	-0.01	180.0	180.0	0.0	0.0	21.362851	1.49676	-21.0	-21.0	59.691109	-9.321802	49.763298	6.317495	6.570194	-11.0	279.34	-4581.4963	1152.063012	-663.610037	-7537.818343	7537.860213	11.201863	22.488499	269.075115	-163.863726	0.0	0.0	20.616631	-2.343843	-20.482966
-0.000768	-0.37297	0.138208	0.028008	-0.001728	-0.959098	-12.678637	2.95	2.69	-0.45739	180.0	180.0	0.0	0.0	21.362851	1.49676	-21.0	-21.0	59.79382	-9.321854	49.763311	6.317495	6.550756	-12.0	279.112136	-5975.830953	978.342202	-480.738355	301.379056	403.629236	13.921971	18.309276	269.594343	-164.422888	0.0	0.0	20.683211	-2.318429	-20.552861
-5.7e-05	-0.34587	-0.286184	0.055744	3.241883	-0.552489	-13.15051	2.95	2.69	0.276774	180.0	180.0	0.0	0.0	21.362851	1.49676	-21.0	-21.0	60.398798	-9.3219	49.763323	6.317495	6.550756	-13.0	278.901961	-1983.995202	1047.633463	-123.505644	5169.231492	5169.331107	12.446452	29.412565	270.005366	-164.849302	0.0	0.0	20.73416	-2.30031	-20.606163
0.000991	-0.264997	-0.34297	0.069359	6.285303	0.330102	-13.183525	2.95	2.69	1.118804	180.0	180.0	0.0	0.0	21.382289	1.49676	-21.0	-21.0	60.147028	-9.321945	49.763334	6.336661	6.550756	-13.0	278.681765	943.816243	39.432588	315.940162	5336.627788	5336.66442	10.580611	16.680221	270.413736	-165.276677	0.0	0.0	20.785218	-2.28185	-20.659585
0.002046	-0.166774	0.00204	0.058877	5.451558	0.910486	-13.118593	2.95	2.69	0.365461	180.0	180.0	0.0	0.0	21.382289	1.49676	-21.0	-21.0	60.02007	-9.321989	49.763345	6.3354	6.550756	-13.0	278.467792	-115.390976	-743.143015	684.683306	-126.17458	718.959105	14.065874	11.077615	270.772088	-165.667473	0.0	0.0	20.831794	-2.263709	-20.708434
0.002606	-0.114382	0.32396	0.03116	2.820551	0.67219	-13.186143	2.95	2.69	-0.176211	180.0	180.0	0.0	0.0	21.382289	1.49676	-21.0	-21.0	60.33562	-9.322028	49.763354	6.336933	6.550756	-13.0	278.271064	-1916.922462	-1363.310294	812.738152	-3773.192634	3773.223341	11.699077	7.434479	271.046689	-165.969623	0.0	0.0	20.867801	-2.249476	-20.746203
0.002594	-0.116275	0.432985	-0.036387	-3.241563	-0.412674	-13.756962	2.95	2.69	-0.75	180.0	180.0	0.0	0.0	21.382289	1.49676	-21.0	-21.0	60.212358	-9.322078	49.763367	6.336933	6.550756	-13.0	278.012621	-6538.203641	-1402.619648	595.406815	-4669.661735	4669.680694	9.381309	9.422463	271.497857	-166.473758	0.0	0.0	20.92785	-2.225143	-20.80922
0.001575	-0.201008	0.086386	-0.083506	-6.275106	-0.812029	-14.449943	2.95	2.69	-0.292149	180.0	180.0	0.0	0.0	21.382289	1.49676	-21.0	-21.0	60.186509	-9.322125	49.763378	6.336933	6.550756	-14.0	277.781942	-4441.73278	-248.439556	48.971702	477.150889	558.914968	10.259801	5.128468	271.867559	-166.890819	0.0	0.0	20.977531	-2.204716	-20.861352
6.2e-05	-0.300996	-0.275585	-0.093143	-5.089781	-0.514027	-14.791754	2.95	2.69	0.200769	180.0	180.0	0.0	0.0	21.382289	1.49676	-21.0	-21.0	60.673864	-9.32217	49.763389	6.33644	6.530825	-14.0	277.542353	-1539.14765	1032.118613	-573.340863	3789.11279	3789.140785	10.846644	9.646419	272.240445	-167.315707	0.0	0.0	21.028144	-2.183591	-20.914463
-0.001213	-0.352698	-0.352756	-0.053733	-0.927943	0.220309	-14.823253	2.95	2.69	1.003111	180.0	180.0	0.0	0.0	21.390757	1.49676	-21.0	-21.0	60.54589	-9.322215	49.7634	6.336933	6.531317	-14.0	277.291942	630.479325	1411.313072	-934.017167	4102.509834	4102.521935	9.871175	1.180044	272.621133	-167.748966	0.0	0.0	21.079793	-2.162088	-20.968621
-0.001544	-0.33286	-0.117972	0.013139	3.104309	0.650877	-14.781648	2.95	2.69	0.219441	180.0	180.0	0.0	0.0	21.401728	1.49676	-21.0	-21.0	60.245974	-9.322259	49.763411	6.349892	6.544276	-14.0	277.092299	-157.239293	1117.540902	-838.890865	2095.546153	2095.592085	13.274134	-3.933438	272.959078	-168.147538	0.0	0.0	21.127234	-2.14128	-21.018442
-0.001211	-0.291877	0.104127	0.053579	5.038663	0.774474	-14.820308	2.95	2.69	-0.417447	180.0	180.0	0.0	0.0	21.401728	1.49676	-21.0	-21.0	60.696504	-9.322298	49.763421	6.373735	6.566044	-14.061475	276.817872	-1294.722852	817.88857	-574.853506	265.853013	731.538408	13.264119	-5.704491	273.163292	-168.389506	0.0	0.0	21.156042	-2.128568	-21.048688
0.000845	-0.144457	0.506401	0.105772	6.530516	0.060127	-15.338183	2.95	2.69	-0.45012	180.0	180.0	0.0	0.0	21.401728	1.49676	-21.0	-21.0	60.869125	-9.322351	49.763434	6.337113	6.512059	-15.0	276.542941	-5416.783194	37.36793	393.600321	-5700.80637	5700.821947	12.683941	3.876991	273.653702	-168.977234	0.0	0.0	21.226016	-2.097221	-21.122154
0.002494	-0.038163	0.295644	0.088396	5.913027	-0.805067	-15.893029	2.95	2.69	0.022669	180.0	180.0	0.0	0.0	21.401728	1.49676	-21.0	-21.0	60.565523	-9.322396	49.763445	6.356371	6.511879	-15.665025	276.282727	-3768.19504	-622.807437	965.361373	-3315.364429	3315.390669	12.358106	4.561375	274.053704	-169.431991	0.0	0.0	21.280374	-2.074687	-21.178999
0.003524	0.033626	-0.171435	0.033986	2.204336	-0.819842	-16.103187	2.95	2.69	0.991814	180.0	180.0	0.0	0.0	21.401728	1.49676	-21.0	-21.0	60.443285	-9.322442	49.763456	6.356371	6.511879	-16.0	276.022476	299.819779	-1824.720881	1174.351564	3938.678491	3958.92072	13.896339	-3.512478	274.433794	-169.877606	0.0	0.0	21.33358	-2.051611	-21.234701
0.00344	0.016142	-0.410139	-0.045321	-4.316896	-0.09919	-15.959253	2.95	2.69	1.220499	180.0	180.0	0.0	0.0	21.401728	1.49676	-21.0	-21.0	60.764934	-9.322487	49.763467	6.356371	6.511879	-15.0	275.752553	1186.424193	-2018.020051	865.208807	4222.161333	4222.247121	18.15211	-19.813918	274.781074	-170.304336	0.0	0.0	21.384433	-2.028115	-21.288042
0.002479	-0.06897	-0.357251	-0.100871	-8.319871	0.278653	-15.923189	2.95	2.69	0.406763	180.0	180.0	0.0	0.0	21.405281	1.49676	-21.0	-21.0	60.744426	-9.322531	49.763478	6.356371	6.507774	-15.25	275.525217	-512.629339	-1106.576477	313.527928	2133.586628	2133.798175	17.341409	-23.686522	275.012216	-170.603643	0.0	0.0	21.420028	-2.010593	-21.325455
-0.000134	-0.262017	-0.071177	-0.139782	-8.673346	0.595396	-16.157999	2.95	2.69	-0.63	180.0	180.0	0.0	0.0	21.421166	1.49676	-21.0	-21.0	60.746247	-9.322574	49.763488	6.356371	6.492441	-15.982456	275.222121	-3201.795215	1178.098748	-804.958006	1003.966066	1004.377628	13.418626	-25.393192	275.392915	-171.098845	0.0	0.0	21.478947	-1.981459	-21.387356
-0.002134	-0.364939	0.230283	-0.093888	-3.364918	0.478167	-16.640219	2.95	2.69	-1.601844	180.0	180.0	0.0	0.0	21.421166	1.49676	-21.0	-21.0	60.547351	-9.322624	49.7635	6.356759	6.492828	-16.0	274.952286	-5298.687091	2000.515094	-1407.564793	-2566.000504	2566.060768	11.908195	-12.378905	275.653444	-171.386503	0.0	0.0	21.512438	-1.956177	-21.423313
-0.002916	-0.367269	0.333251	0.004058	2.88029	-0.093624	-17.185876	2.95	2.69	0.104769	180.0	180.0	0.0	0.0	21.421166	1.49676	-21.0	-21.0	60.757683	-9.322669	49.763511	6.356371	6.492441	-17.0	274.662079	-3903.89602	1775.440422	-1378.45618	-3441.326821	3441.352655	12.04724	5.664673	275.977656	-171.697698	0.0	0.0	21.548776	-1.929555	-21.462212
-0.001964	-0.27517	0.161143	0.107544	7.57848	-0.527808	-17.462002	2.95	2.69	1.209812	180.0	180.0	0.0	0.0	21.421166	1.49676	-21.0	-21.0	61.051356	-9.322715	49.763523	6.356371	6.473275	-17.0	274.3816	-1129.612337	528.477966	-676.653227	-1623.335756	1623.474253	11.281208	-17.796024	276.299434	-172.009758	0.0	0.0	21.585207	-1.902288	-21.50122
0.00018	-0.147427	-0.113806	0.161034	8.711639	-0.557183	-17.49401	2.95	2.69	1.32436	180.0	180.0	0.0	0.0	21.421166	1.49676	-21.0	-21.0	61.06644	-9.32276	49.763534	6.356371	6.473002	-17.0	274.105313	343.2068	144.370102	310.760899	1005.93774	1006.721647	10.902856	-24.891954	276.536689	-172.260981	0.0	0.0	21.614243	-1.876607	-21.532623
0.002032	-0.047926	-0.274344	0.161986	8.52028	-0.327804	-17.443939	2.95	2.69	1.299782	180.0	180.0	0.0	0.0	21.421166	1.49676	-21.0	-21.0	60.777458	-9.322797	49.763543	6.357428	6.471014	-17.0	273.81365	1016.065089	-434.102294	1014.50814	3341.189535	3341.338363	13.361516	-28.557574	276.705324	-172.44229	0.0	0.0	21.635184	-1.857629	-21.555286
0.004893	0.100886	-0.251069	0.068152	2.89705	0.325999	-17.342578	2.95	2.69	-0.188429	180.0	180.0	0.0	0.0	21.421166	1.49676	-21.0	-21.0	60.716091	-9.322851	49.763556	6.375646	6.453564	-17.0	273.503204	-430.490834	-2262.55693	1791.867257	1454.850585	1455.664336	14.08279	-46.323456	276.999917	-172.777174	0.0	0.0	21.673671	-1.819687	-21.597147
0.005026	0.084342	-0.048227	-0.053853	-4.685438	0.409894	-17.562325	2.95	2.69	-1.674821	180.0	180.0	0.0	0.0	21.440605	1.49676	-21.0	-21.0	60.752863	-9.322897	49.763567	6.37581	6.453564	-17.0	273.212647	-3529.48842	-2143.588539	1447.363025	-419.470593	433.404487	13.451577	-35.061741	277.185762	-173.002865	0.0	0.0	21.699474	-1.791944	-21.625358
0.003201	-0.043755	0.159178	-0.162451	-10.214016	0.392768	-17.99891	2.95	2.69	-0.956698	180.0	180.0	0.0	0.0	21.440605	1.49676	-21.0	-21.0	61.017346	-9.322942	49.763578	6.37581	6.443004	-17.975728	272.924206	-4110.825866	-1009.810113	398.886528	-1424.196933	1430.630561	12.522771	-15.128831	277.434636	-173.2696	0.0	0.0	21.730429	-1.764159	-21.6587
-3e-06	-0.228253	0.277803	-0.206525	-10.55681	0.005774	-18.34765	2.95	2.69	0.418489	180.0	180.0	0.0	0.0	21.440605	1.49676	-21.0	-21.0	61.233678	-9.322988	49.763589	6.37581	6.434125	-18.0	272.614516	-1825.933781	1012.590913	-964.878182	-3235.888127	3236.010833	9.93503	-26.360473	277.724338	-173.568034	0.0	0.0	21.765266	-1.734997	-21.696004
-0.002703	-0.348924	0.178787	-0.160759	-5.871572	-0.39076	-18.475524	2.95	2.69	0.953486	180.0	180.0	0.0	0.0	21.440605	1.49676	-21.0	-21.0	61.137936	-9.323032	49.7636	6.370559	6.428875	-18.0	272.348308	-1153.076504	2274.0793	-1845.288367	-2116.023482	2116.461877	7.456382	-41.340277	277.915045	-173.788853	0.0	0.0	21.790757	-1.709372	-21.723607
-0.004478	-0.377606	-0.15169	-0.012476	3.225997	-0.683841	-18.605066	2.95	2.69	1.15	180.0	180.0	0.0	0.0	21.440605	1.49676	-21.0	-21.0	61.113681	-9.323072	49.76361	6.356371	6.414687	-18.0	272.003204	-808.62001	2533.25679	-2043.23177	1533.879857	1604.900557	7.642317	-40.44946	278.142515	-174.064142	0.0	0.0	21.822447	-1.675666	-21.758018
-0.003373	-0.264029	-0.394624	0.141067	9.255287	-0.173553	-18.630472	2.95	2.69	0.114622	180.0	180.0	0.0	0.0	21.440605	1.49676	-21.0	-21.0	60.884209	-9.323124	49.763622	6.356371	6.414687	-18.0	271.692673	769.016562	964.826524	-1120.153046	4707.708572	4708.003677	7.872141	-52.114095	278.337927	-174.304432	0.0	0.0	21.850118	-1.645708	-21.788054
-0.000172	-0.090212	-0.280242	0.229429	10.992658	0.584886	-18.608394	2.95	2.69	-0.61888	180.0	180.0	0.0	0.0	21.440605	1.49676	-21.0	-21.0	60.831946	-9.32317	49.763633	6.356371	6.395248	-18.0	271.381837	-406.579612	13.648215	391.092341	3675.439928	3675.819487	9.7782	-51.887906	278.494173	-174.519684	0.0	0.0	21.874708	-1.615654	-21.81496
0.003576	0.083162	0.115182	0.214479	9.533837	0.843456	-18.673016	2.95	2.69	-0.859116	180.0	180.0	0.0	0.0	21.460043	1.49676	-21.0	-21.0	60.961326	-9.323216	49.763644	6.356371	6.385323	-18.0	271.073204	-635.163759	-1146.827128	1780.241687	-924.941208	1018.151247	10.468069	-39.924655	278.675992	-174.74948	0.0	0.0	21.901197	-1.586139	-21.843685
0.006184	0.195745	0.45737	0.111321	4.326118	0.49457	-18.719358	2.95	2.69	0.252782	180.0	180.0	0.0	0.0	21.460043	1.49676	-21.0	-21.0	61.158564	-9.323261	49.763655	6.356371	6.37581	-18.0	270.7845	-209.484437	-2338.017192	2441.858523	-3821.7348	3821.904465	10.53022	-33.64764	278.886459	-174.993408	0.0	0.0	21.929577	-1.557798	-21.874176
0.006802	0.210857	0.538818	-0.002799	-1.561358	-0.049018	-18.726398	2.95	2.69	1.334604	180.0	180.0	0.0	0.0	21.460043	1.49676	-21.0	-21.0	61.074362	-9.323306	49.763665	6.356371	6.373247	-18.0	270.468377	-178.003357	-2580.441043	2304.264984	-6020.902799	6021.094877	8.867936	-46.780705	279.038812	-175.173486	0.0	0.0	21.950519	-1.536359	-21.896686
0.004364	0.063953	0.084751	-0.208073	-10.730209	-1.166404	-18.912022	2.95	2.69	0.595299	180.0	180.0	0.0	0.0	21.460043	1.49676	-21.0	-21.0	61.336109	-9.323353	49.763676	6.356371	6.356371	-18.0	270.133204	-2585.373544	-1324.015011	688.126689	-1036.293601	1038.525224	8.290048	-65.307999	279.220493	-175.445743	0.0	0.0	21.981657	-1.495616	-21.930718
0.000275	-0.13686	-0.463587	-0.267554	-12.151897	-0.742181	-19.18633	2.95	2.69	-1.18448	180.0	180.0	0.0	0.0	21.460043	1.49676	-21.0	-21.0	61.181003	-9.3234	49.763687	6.356371	6.356371	-19.0	269.813564	-2101.100052	810.483206	-1078.947578	6597.366446	6597.705907	6.458037	-66.227683	279.340875	-175.640523	0.0	0.0	22.003877	-1.464825	-21.955065
-0.003759	-0.30108	-0.541471	-0.204109	-6.842773	0.440899	-19.379319	2.95	2.69	-1.062541	180.0	180.0	0.0	0.0	21.460043	1.49676	-21.0	-21.0	61.022874	-9.323446	49.763698	6.356371	6.336933	-19.0	269.493204	-837.318045	2439.534323	-2405.774283	6925.747866	6925.944132	3.837003	-51.996815	279.477991	-175.847285	0.0	0.0	22.02762	-1.433737	-21.980911
-0.005856	-0.345881	-0.089404	-0.03846	1.439191	1.132947	-19.369324	2.95	2.69	-0.35416	180.0	180.0	0.0	0.0	21.468129	1.49676	-21.0	-21.0	60.945674	-9.323492	49.763708	6.337242	6.31776	-19.0	269.172927	121.945091	2525.951885	-2656.491818	7.832216	145.262714	5.335113	-56.058047	279.638319	-176.070807	0.0	0.0	22.053473	-1.4022	-22.008851
-0.005076	-0.270157	0.375417	0.130494	7.700252	0.769223	-19.385478	2.95	2.69	0.233913	180.0	180.0	0.0	0.0	21.479482	1.49676	-21.0	-21.0	61.074619	-9.323536	49.763719	6.336933	6.311591	-19.0	268.916466	-258.487999	1486.801246	-1793.53397	-4888.578144	4888.902767	5.915152	-54.040002	279.776343	-176.267185	0.0	0.0	22.076199	-1.374007	-22.033398
-0.001311	-0.088538	0.539936	0.268104	11.745914	-0.232627	-19.344097	2.95	2.69	1.27	180.0	180.0	0.0	0.0	21.479482	1.49676	-21.0	-21.0	61.145143	-9.323573	49.763727	6.336933	6.298056	-19.0	268.523883	1478.992782	741.694758	99.800144	-5278.424025	5278.74706	6.362	-57.999846	279.955586	-176.513935	0.0	0.0	22.104869	-1.339577	-22.064242
0.003329	0.118945	0.242958	0.273729	12.334419	-0.849094	-19.186818	2.95	2.69	0.76488	180.0	180.0	0.0	0.0	21.479482	1.49676	-21.0	-21.0	61.320131	-9.323629	49.76374	6.336933	6.278774	-19.0	268.202647	522.697237	-778.305706	1884.95227	-3121.751385	3122.784773	5.879546	-80.102414	280.054234	-176.696488	0.0	0.0	22.125775	-1.308293	-22.087061
0.007053	0.287282	-0.260225	0.163131	6.955378	-0.942654	-19.205328	2.95	2.69	-0.703725	180.0	180.0	0.0	0.0	21.479482	1.49676	-21.0	-21.0	61.388961	-9.323675	49.763751	6.336933	6.278618	-19.0	267.882913	-813.98519	-2694.775349	2928.864284	3106.569928	3134.211519	5.92945	-80.481718	280.113731	-176.852701	0.0	0.0	22.143455	-1.277258	-22.106588
0.008215	0.322471	-0.555398	-0.026233	-2.806998	-0.107478	-19.318239	2.95	2.69	-1.123158	180.0	180.0	0.0	0.0	21.479482	1.49676	-21.0	-21.0	61.298021	-9.323721	49.763761	6.317767	6.259179	-19.0	267.562673	-1126.15958	-3126.746443	2739.64434	6677.962081	6678.377635	5.498805	-74.286611	280.183469	-177.015703	0.0	0.0	22.162028	-1.246184	-22.126963
0.006113	0.204512	-0.345474	-0.216427	-10.049723	0.838457	-19.448287	2.95	2.69	-0.845198	180.0	180.0	0.0	0.0	21.479482	1.49676	-21.0	-21.0	61.120679	-9.323767	49.763771	6.317495	6.251322	-19.0	267.242727	-1338.414736	-1314.859709	1319.391586	3466.148351	3466.758781	4.308899	-64.77227	280.280732	-177.19789	0.0	0.0	22.183052	-1.214716	-22.149736
0.002995	0.069825	0.008228	-0.293117	-12.004192	0.979276	-19.540697	2.95	2.69	0.168034	180.0	180.0	0.0	0.0	21.482619	1.49676	-21.0	-21.0	61.191924	-9.323811	49.763781	6.317495	6.236108	-19.0	266.96777	-1028.640905	-372.336076	-117.160986	-966.439123	1519.399428	5.080757	-64.129687	280.368586	-177.340055	0.0	0.0	22.199549	-1.192285	-22.167507
-0.003397	-0.181549	0.465554	-0.26968	-10.044009	0.208255	-19.630739	2.95	2.69	1.1	180.0	180.0	0.0	0.0	21.49892	1.49676	-21.0	-21.0	61.008923	-9.323855	49.763791	6.317495	6.220302	-19.0	266.592941	564.269259	1543.049367	-2472.455151	-5776.594555	5777.027776	5.478767	-70.532235	280.513783	-177.588582	0.0	0.0	22.228422	-1.151559	-22.198573
-0.006651	-0.298235	0.349099	-0.109947	-3.454653	-0.557712	-19.476024	2.95	2.69	0.5452	180.0	180.0	0.0	0.0	21.49892	1.49676	-21.0	-21.0	61.152036	-9.323905	49.763802	6.298184	6.200992	-19.0	266.262121	1470.656236	2584.039794	-3183.642048	-2126.155948	2128.159995	2.91139	-91.728259	280.575993	-177.749644	0.0	0.0	22.246901	-1.119709	-22.218705
-0.006715	-0.281139	0.022552	0.100562	5.555295	-0.615284	-19.408889	2.95	2.69	-0.671702	180.0	180.0	0.0	0.0	21.49892	1.49676	-21.0	-21.0	61.339443	-9.323951	49.763812	6.298056	6.18971	-19.0	265.942913	-224.212969	2909.065816	-2520.352057	1305.095258	1312.56031	1.244624	-88.070215	280.589649	-177.878204	0.0	0.0	22.261385	-1.088125	-22.234775
-0.003521	-0.128896	-0.219668	0.273251	12.262128	-0.290879	-19.441131	2.966241	2.722483	-1.120344	180.0	180.0	0.0	0.0	21.49892	1.49676	-21.0	-21.0	61.394572	-9.323996	49.763822	6.298056	6.172074	-19.0	265.61708	-329.207662	1631.554315	-740.654296	2987.11149	2988.303669	1.535379	-84.239758	280.627252	-178.021249	0.0	0.0	22.277737	-1.056818	-22.252656
0.001275	0.075786	-0.259444	0.330626	14.265585	0.082949	-19.653901	2.97	2.73	-0.703343	180.0	180.0	0.0	0.0	21.49892	1.49676	-21.0	-21.0	61.050773	-9.32404	49.763832	6.282195	6.161987	-19.0	265.357247	-1494.615289	904.413241	1273.055324	2494.208759	2495.403863	2.688829	-77.097877	280.678566	-178.165941	0.0	0.0	22.29443	-1.027422	-22.270743
0.004684	0.237522	-0.192251	0.30793	15.944968	0.325918	-19.712958	2.97	2.73	0.174167	180.0	180.0	0.0	0.0	21.49892	1.49676	-21.0	-21.0	61.342388	-9.324087	49.763842	6.278618	6.160084	-19.0	264.987073	41.245593	456.576682	2499.483607	2181.748107	2182.73821	1.701432	-74.95223	280.727468	-178.275103	0.0	0.0	22.307129	-1.006989	-22.284388
0.009898	0.601056	0.146211	0.104377	12.211422	0.418314	-19.485523	2.97	2.73	1.91356	180.0	180.0	0.0	0.0	21.49892	1.49676	-21.0	-21.0	61.335098	-9.324134	49.763852	6.278618	6.142549	-19.0	264.633235	2917.185184	-2116.752007	3824.281557	-1412.375355	1414.944634	4.370463	-85.011182	280.729111	-178.325096	0.0	0.0	22.311309	-0.960372	-22.290637
0.009901	0.742145	0.30531	-0.095728	5.064849	0.204214	-19.094444	2.97	2.73	1.556597	180.0	180.0	0.0	0.0	21.518359	1.49676	-21.0	-21.0	61.378769	-9.32418	49.763862	6.278618	6.12311	-18.274755	264.314679	3934.468814	-2072.774515	3172.099255	-1850.445658	1853.314174	4.064491	-102.863499	280.6432	-178.257125	0.0	0.0	22.301486	-0.928689	-22.282141
0.006822	0.778864	0.31991	-0.254785	-0.007448	-0.164281	-18.809257	2.97	2.73	-0.238907	180.0	180.0	0.0	0.0	21.518359	1.49676	-21.0	-21.0	61.133469	-9.324226	49.763872	6.259179	6.103672	-18.0	263.995234	-76.315985	-1034.807897	1480.312587	-2071.016936	2074.588198	-1.12697	-121.594512	280.467107	-178.131972	0.0	0.0	22.284554	-0.896936	-22.266496
0.001968	0.751399	0.1763	-0.302154	-3.382127	-0.336898	-19.007073	2.97	2.73	-0.401276	180.0	180.0	0.0	0.0	21.518359	1.49676	-21.0	-21.0	60.899491	-9.324272	49.763882	6.259179	6.084635	-18.417861	263.684909	-2796.415154	-1457.700238	-533.535607	-242.383451	263.690965	1.003634	-102.371308	280.290375	-178.006317	0.0	0.0	22.267595	-0.864959	-22.25079
-0.001583	0.677649	0.047675	-0.266109	-8.268548	-0.322387	-19.200828	2.97	2.73	-0.496111	180.0	180.0	0.0	0.0	21.518359	1.49676	-21.0	-21.0	61.208486	-9.324315	49.763891	6.254662	6.079716	-19.0	263.405559	-1824.006176	-2585.760462	-1776.263054	201.318774	269.438088	2.559371	-100.560499	280.198834	-177.938091	0.0	0.0	22.258158	-0.841035	-22.242261
-0.005959	0.404182	-0.151514	-0.148646	-17.022049	-0.283191	-19.349928	2.97	2.73	-0.46	180.0	180.0	0.0	0.0	21.518359	1.49676	-21.0	-21.0	61.312866	-9.324357	49.763899	6.239741	6.064795	-19.0	263.042913	111.088209	-1158.230599	-3064.581159	1098.761963	1105.781131	3.742733	-103.819703	280.038791	-177.819557	0.0	0.0	22.241871	-0.800961	-22.227445
-0.007378	0.105937	-0.197679	-0.030219	-17.430936	0.206869	-19.233955	2.97	2.73	0.821089	180.0	180.0	0.0	0.0	21.518359	1.49676	-21.0	-21.0	61.344734	-9.32441	49.76391	6.239741	6.064795	-19.0	262.722941	2005.607196	1339.294484	-3214.142492	4567.769495	4568.983626	1.826986	-105.281885	279.902209	-177.719335	0.0	0.0	22.228221	-0.768954	-22.214917
-0.006761	-0.129303	0.070502	0.096045	-9.722537	0.707646	-18.968025	2.97	2.73	0.80096	180.0	180.0	0.0	0.0	21.518359	1.49676	-21.0	-21.0	61.049238	-9.324455	49.763919	6.239741	6.026229	-18.011034	262.40233	2713.494274	3354.216725	-2555.727701	-495.468838	597.736691	3.101108	-104.885943	279.764522	-177.618564	0.0	0.0	22.214559	-0.737301	-22.20232
-0.004168	-0.202391	0.359388	0.207155	0.171584	0.310293	-18.720158	2.97	2.73	0.217319	180.0	180.0	0.0	0.0	21.537797	1.49676	-21.0	-21.0	60.894725	-9.324501	49.763929	6.220302	6.006748	-18.0	262.083107	780.927108	2313.645672	-1188.120034	-4443.604104	4445.493442	-1.021271	-129.187004	279.583392	-177.490525	0.0	0.0	22.197554	-0.706269	-22.186316
-0.000299	-0.155383	0.329857	0.252556	4.2443	-0.405048	-18.831372	2.97	2.73	-0.552916	180.0	180.0	0.0	0.0	21.537797	1.49676	-21.0	-21.0	61.138206	-9.324545	49.763938	6.220302	5.999882	-18.3	261.832714	-2616.91966	196.6156	432.968113	-4075.790917	4077.800072	-0.153248	-127.884739	279.346	-177.326966	0.0	0.0	22.176163	-0.675557	-22.165871
0.002299	-0.108616	0.138627	0.229909	4.415497	-0.681765	-19.020954	2.97	2.73	-0.852552	180.0	180.0	0.0	0.0	21.537797	1.49676	-21.0	-21.0	61.021579	-9.324591	49.763947	6.216142	5.985932	-19.0	261.483601	-2532.543137	89.923759	1341.795083	-1014.241772	1423.159803	0.51066	-116.92984	279.210509	-177.232476	0.0	0.0	22.163752	-0.655358	-22.15406
0.006114	0.013114	-0.287818	0.08889	7.024169	-0.295316	-19.142939	2.97	2.73	0.549238	180.0	180.0	0.0	0.0	21.537797	1.49676	-21.0	-21.0	61.161129	-9.324637	49.763956	6.200864	5.967748	-19.0	261.142647	1763.022443	1060.684233	2319.552687	4563.906781	4565.385719	1.313193	-115.964739	278.988674	-177.07321	0.0	0.0	22.1426	-0.611604	-22.134151
0.006597	0.152284	-0.239479	-0.021605	9.009277	0.483763	-18.864533	2.97	2.73	0.800382	180.0	180.0	0.0	0.0	21.537797	1.49676	-21.0	-21.0	60.823683	-9.324685	49.763965	6.200864	5.948369	-18.0	260.822913	3096.074333	-303.927686	2143.782044	4505.495569	4507.334418	1.782901	-128.649393	278.785627	-176.931183	0.0	0.0	22.124011	-0.580341	-22.116398
0.005449	0.274361	0.137482	-0.108419	4.644379	0.851175	-18.606148	2.97	2.73	0.23723	180.0	180.0	0.0	0.0	21.537797	1.49676	-21.0	-21.0	61.017286	-9.324731	49.763974	6.181824	5.948884	-18.0	260.514404	1144.179476	-2489.439808	1429.74115	-897.129786	1066.890544	4.706452	-131.75311	278.546171	-176.766398	0.0	0.0	22.10264	-0.549821	-22.0958
0.00303	0.278021	0.467278	-0.173159	-4.180652	0.2491	-18.560154	2.97	2.73	0.339432	180.0	180.0	0.0	0.0	21.54553	1.49676	-21.0	-21.0	61.318101	-9.324776	49.763982	6.181425	5.920151	-18.0	260.203582	-178.954175	-2460.979145	301.998721	-6427.532222	6428.984519	1.403785	-136.342176	278.291469	-176.591819	0.0	0.0	22.080078	-0.518992	-22.073977
0.000508	0.188561	0.3718	-0.191298	-7.529385	-0.589096	-18.637437	2.97	2.73	-0.920471	180.0	180.0	0.0	0.0	21.557235	1.49676	-21.0	-21.0	61.002837	-9.324818	49.763991	6.176587	5.906496	-18.0	259.931496	-1815.91434	-108.430308	-719.382024	-5298.648716	5300.624835	-1.562215	-141.210317	278.064925	-176.437584	0.0	0.0	22.060231	-0.494016	-22.054698
-0.008523	0.18486	-0.4913039999999999	-0.389607	-11.245095	-2.731455	-56.834322	2.97	2.73	-1.48	180.0	180.0	0.0	0.0	21.557235	1.49676	4.0	4.0	60.777223	-9.324867	49.764	6.161987	5.889981	-54.0	259.573529	-2010.603632	2088.308325	-1812.569172	3684.431026	3698.957835	0.22351	-127.070819	277.758852	-176.227971	0.0	0.0	22.033244	-0.457384	-22.028496
-0.011916	0.169242	-1.321329	-0.004944	8.370557999999999	-0.362445	-57.011484	2.97	2.73	0.456327	180.0	180.0	0.0	0.0	21.557235	1.49676	4.0	4.0	61.037924	-9.324912	49.764008	6.161987	5.870591	-54.77528100000001	259.263173	1533.144582	1653.616242	-1828.73848	5473.53436	5474.855477	1.602808	-120.251926	277.543118	-176.077995	0.0	0.0	22.013878	-0.426334	-22.009749
-0.008625	0.413385	-0.869172	0.3822089999999999	18.946626	1.9923	-56.09559	2.97	2.73	1.097107	180.0	180.0	0.0	0.0	21.557235	1.49676	4.0	4.0	61.292207	-9.324958	49.764017	6.142549	5.851286	-54.0	258.943714	3387.025141	498.606809	-976.480153	3974.436379	3976.884636	0.479889	-139.278875	277.328455	-175.928856	0.0	0.0	21.994666	-0.395659	-21.991107
-0.000363	0.756318	0.4030439999999999	0.576948	21.847914000000003	2.422308	-55.301151	2.97	2.73	0.773253	180.0	180.0	0.0	0.0	21.557235	1.49676	4.0	4.0	60.92227	-9.325003	49.764025	6.142549	5.850972	-54.0	258.632673	1058.339807	281.361548	296.711569	-2723.624145	2753.58314	2.753735	-142.450198	277.041868	-175.734389	0.0	0.0	21.969841	-0.365579	-21.966799
0.008658	1.131213	1.192281	0.534111	25.308684	0.62478	-55.192479000000006	2.97	2.73	0.619615	180.0	180.0	0.0	0.0	21.557235	1.49676	4.0	4.0	60.823952	-9.325048	49.764033	6.125443	5.833866	-54.0	258.350156	-20.293333	371.190586	1401.475494	-5287.744177	5289.667744	1.853104	-141.530863	276.766554	-175.547708	0.0	0.0	21.946052	-0.337001	-21.943464
0.014157	1.446	1.0670609999999998	0.385494	25.789938	-1.109316	-55.219359	2.97	2.73	-0.333985	180.0	180.0	0.0	0.0	21.559762	1.49676	4.0	4.0	61.090205	-9.325092	49.76404	6.136093	5.825078	-54.0	258.040073	-410.816634	-452.559082	1939.31832	-4380.868185	4383.424186	-1.439121	-146.568833	276.552854	-175.402989	0.0	0.0	21.927641	-0.315249	-21.925374
0.018201	1.842738	-0.241398	-0.045798	3.546354	-2.0525670000000003	-55.707744000000005	2.97	2.73	-0.692216	180.0	180.0	0.0	0.0	21.576674	1.49676	4.0	4.0	61.136686	-9.325136	49.764048	6.12311	5.793007	-54.0	257.714636	-765.688891	-3305.839717	1963.413834	2759.396423	2781.351829	0.278896	-139.103095	276.156792	-175.135071	0.0	0.0	21.893619	-0.275632	-21.891884
0.014043	1.612539	-0.8007810000000001	-0.450885	-30.659406	0.196629	-55.421319	2.97	2.73	0.667784	180.0	180.0	0.0	0.0	21.576674	1.49676	4.0	4.0	60.711782	-9.325185	49.764057	6.103672	5.773396	-54.0	257.402913	2763.879473	-3212.23265	985.360712	5985.922931	5987.661146	1.833521	-144.2107	275.8767	-174.944703	0.0	0.0	21.869466	-0.245513	-21.868088
0.004017	0.953967	-0.132828	-0.726141	-43.045383	1.902132	-54.399915	2.97	2.73	0.832314	180.0	180.0	0.0	0.0	21.576674	1.49676	4.0	4.0	60.967983	-9.325231	49.764064	6.092678	5.75407	-54.0	257.103235	2778.15624	286.949344	-579.476126	542.550942	563.912957	1.408171	-146.359705	275.568262	-174.736675	0.0	0.0	21.843153	-0.216104	-21.842084
-0.008001	0.314589	0.720162	-0.664218	-30.015897	1.045359	-53.904522	2.97	2.73	0.576426	180.0	180.0	0.0	0.0	21.576674	1.49676	4.0	4.0	61.20243	-9.325276	49.764072	6.093135	5.75378	-51.833628	256.802308	-327.477278	2331.952737	-2032.50171	-4016.462409	4019.207721	1.015527	-148.169047	275.271861	-174.536406	0.0	0.0	21.817852	-0.187002	-21.817051
-0.015006	0.0442619999999999	0.800052	-0.3418529999999999	-10.441722	-0.531174	-54.257526	2.97	2.73	-0.608151	180.0	180.0	0.0	0.0	21.576674	1.49676	4.0	4.0	60.786453	-9.325318	49.764079	6.077664	5.727772	-54.0	256.539862	-2045.613032	2270.648407	-2569.308034	-3841.410698	3844.362397	0.335908	-150.509481	274.99844	-174.352715	0.0	0.0	21.794697	-0.16262	-21.794089
-0.017136	-0.001557	0.434151	-0.0016259999999999	2.96976	-1.634112	-54.736887	2.97	2.73	-1.007085	180.0	180.0	0.0	0.0	21.576674	1.49676	4.0	4.0	61.222027	-9.325364	49.764087	6.084233	5.734209	-54.0	256.219797	-2117.952388	1742.915436	-2471.874208	-1645.117332	1661.073541	0.344632	-146.089427	274.786828	-174.210285	0.0	0.0	21.776756	-0.14313	-21.776286
-0.008313	0.352731	-0.670314	0.649041	25.003974	-0.555249	-55.170309	2.97	2.73	0.565863	180.0	180.0	0.0	0.0	21.576674	1.49676	4.0	4.0	61.194901	-9.325412	49.764094	6.084233	5.714903	-54.0	255.892885	1055.037318	1598.89666	-647.479944	3764.544912	3767.123696	0.404051	-139.29755	274.344109	-173.911051	0.0	0.0	21.739109	-0.09942	-21.738881
0.003978	0.895044	-0.49197	0.7938689999999999	39.122844	1.195281	-54.237384000000006	2.97	2.73	1.892269	180.0	180.0	0.0	0.0	21.596112	1.49676	4.0	4.0	60.743519	-9.325457	49.764102	6.064795	5.695464	-51.847707	255.582353	4668.856977	960.538071	1078.251443	3108.34597	3111.559458	1.127976	-141.326384	274.067128	-173.723134	0.0	0.0	21.715506	-0.070424	-21.715392
0.016071	1.56579	0.4139339999999999	0.6400980000000001	37.767564	2.084982	-52.721034	2.97	2.73	1.394463	180.0	180.0	0.0	0.0	21.596112	1.49676	4.0	4.0	60.797634	-9.325502	49.764109	6.045356	5.675366	-51.0	255.283143	3620.48594	-1779.705784	2460.088496	68.188254	214.837255	1.623402	-157.244414	273.753954	-173.512668	0.0	0.0	21.689125	-0.042337	-21.689084
0.023277	1.981251	1.324515	0.1946939999999999	8.050161000000001	1.086405	-52.222695	2.97	2.73	0.05604	180.0	180.0	0.0	0.0	21.596112	1.49676	4.0	4.0	61.164458	-9.325547	49.764116	6.045356	5.656587	-51.0	254.993462	-1467.263907	-4192.441101	2896.226397	-4783.077831	4792.843216	-0.516753	-166.684252	273.376918	-173.261822	0.0	0.0	21.657733	-0.014467	-21.657728
0.022743	1.878678	1.3934760000000002	-0.236094	-20.782056	-0.452079	-52.89532799999999	2.97	2.73	-1.403793	180.0	180.0	0.0	0.0	21.596112	1.49676	4.0	4.0	60.727847	-9.325589	49.764122	6.043227	5.648218	-51.447114	254.747083	-3851.90842	-3745.794024	2351.543224	-3810.563204	3814.259941	0.542772	-162.735375	273.892258	-173.040579	0.0	0.0	21.630074	0.005684	-21.630072
0.010695	1.109196	0.613986	-0.8565989999999999	-41.945922	-1.441311	-54.33008099999999	2.97	2.73	-1.54	180.0	180.0	0.0	0.0	21.596112	1.49676	4.0	4.0	60.851397	-9.325637	49.764129	6.026055	5.63746	-54.0	254.40297	-1110.650498	611.610448	120.236894	1100.001608	1133.606491	3.322295	-146.844075	278.290568	-172.515165	0.0	0.0	21.564436	0.041669	-21.564396
-0.004317	0.505317	0.020943	-0.88527	-28.441524	-0.8462609999999999	-54.089361	2.97	2.73	0.814137	180.0	180.0	0.0	0.0	21.596112	1.49676	4.0	4.0	61.094209	-9.325682	49.764136	6.006479	5.598272	-51.7599	254.103429	2278.875645	2057.836174	-1818.009052	1243.724457	1252.676102	-1.155019	-149.483641	281.815564	-172.120496	0.0	0.0	21.515176	0.070085	-21.515062
-0.016104	0.203451	-0.2973059999999999	-0.487965	-8.14545	-0.489927	-53.157288	2.97	2.73	0.470484	180.0	180.0	0.0	0.0	21.612849	1.49676	4.0	4.0	60.524797	-9.325727	49.764143	6.017469	5.587205	-51.0	253.802941	3150.103343	2063.23994	-2877.945744	118.907146	194.194965	1.346658	-148.863323	285.287376	-171.725463	0.0	0.0	21.465907	0.098141	-21.465683
-0.019263	0.22785	-0.558864	0.110847	10.672785	-0.4938869999999999	-52.254186	2.97	2.73	0.508571	180.0	180.0	0.0	0.0	21.615551	1.49676	4.0	4.0	60.932889	-9.325772	49.764149	6.006479	5.578834	-51.0	253.512621	1867.594477	1995.036484	-2618.52595	468.046972	497.807191	4.100712	-151.39393	288.682801	-171.329372	0.0	0.0	21.41654	0.125686	-21.416171
-0.0132509999999999	0.5440619999999999	-0.6692400000000001	0.611079	28.391973	0.182886	-52.071501	2.97	2.73	-0.302147	180.0	180.0	0.0	0.0	21.615551	1.49676	4.0	4.0	60.858875	-9.325815	49.764155	6.000172	5.561825	-51.0	253.283656	-1227.164393	1780.736	-1300.49152	2533.592977	2538.977207	-0.872256	-163.840911	291.795304	-170.94433	0.0	0.0	21.368577	0.151172	-21.368041
-0.0063479999999999	0.8640840000000001	-0.510156	0.814797	37.197816	0.916899	-52.45890300000001	2.97	2.73	-1.388759	180.0	180.0	0.0	0.0	21.615551	1.49676	4.0	4.0	60.998083	-9.325857	49.764161	5.987041	5.558585	-51.0	252.958754	-3113.831722	1152.771574	-201.78779	2601.563782	2606.624231	-0.865649	-162.341683	293.721313	-170.695698	0.0	0.0	21.337616	0.167055	-21.336962
0.0147149999999999	1.817292	0.8019419999999999	0.7787459999999999	31.986996	2.056032	-53.502165	2.97	2.73	0.796168	180.0	180.0	0.0	0.0	21.615551	1.49676	4.0	4.0	61.075247	-9.325905	49.764167	5.987041	5.520731	-51.0	252.632673	935.206648	-2477.442512	2424.849029	-645.055673	682.277337	3.332536	-149.303511	298.723522	-170.120637	0.0	0.0	21.266092	0.207542	-21.26508
0.0238589999999999	2.097051	1.571052	0.281493	-0.576453	0.625626	-52.74882	2.97	2.73	0.61264	180.0	180.0	0.0	0.0	21.615551	1.49676	-46.0	-46.0	60.636378	-9.325951	49.764174	5.967603	5.520518	-51.0	252.3427	2785.087561	-4037.729595	3059.371531	-5668.295144	5670.848275	-1.130561	-169.831816	302.0637	-169.705954	0.0	0.0	21.214545	0.234909	-21.213244
0.022938	1.776135	1.172826	-0.3908939999999999	-35.362005	-2.0715630000000003	-52.02530399999999	2.97	2.73	0.377139	180.0	180.0	0.0	0.0	21.615551	1.49676	-46.0	-46.0	60.696241	-9.325996	49.76418	5.957151	5.493826	-51.0	252.042673	1303.914732	-2592.796066	2205.841364	-4150.839792	4154.229311	1.276581	-167.512232	305.298142	-169.270649	0.0	0.0	21.16045	0.261774	-21.158831
0.011841	1.092027	-0.191172	-0.882588	-39.335457000000005	-2.69814	-51.944757	2.97	2.73	-0.613333	180.0	180.0	0.0	0.0	21.63067	1.49676	-46.0	-46.0	60.981019	-9.32604	49.764185	5.948164	5.47333	-51.0	251.762449	-1312.139896	1448.762401	253.786079	1898.155654	1935.593981	1.768057	-164.869018	308.519335	-168.841337	0.0	0.0	21.107139	0.288484	-21.105167
-0.0001619999999999	0.686445	-0.993339	-0.91932	-23.398617	-1.306257	-52.488051	2.97	2.73	-1.644772	180.0	180.0	0.0	0.0	21.634989	1.49676	-46.0	-46.0	60.608412	-9.326081	49.76419	5.94559	5.459629	-51.0	251.509117	-2572.156873	2598.470872	-1318.525007	5005.663832	5008.409653	1.850814	-163.654441	311.028949	-168.510279	0.0	0.0	21.066056	0.309257	-21.063785
-0.015129	0.491376	-0.8807010000000001	-0.454935	3.005208	1.690836	-53.248428	2.97	2.73	-1.3	180.0	180.0	0.0	0.0	21.634989	1.49676	-46.0	-46.0	60.982575	-9.326129	49.764196	5.928876	5.442915	-51.0	251.173173	-141.065935	1691.461522	-2730.14125	3525.24688	3528.420388	2.426772	-149.358812	315.047831	-168.012101	0.0	0.0	21.0043	0.342176	-21.001513
-0.017646	0.661518	0.183399	0.149289	16.15953	1.953384	-52.780821	2.97	2.73	0.759158	180.0	180.0	0.0	0.0	21.634989	1.49676	-46.0	-46.0	60.599104	-9.326174	49.764202	5.928726	5.442765	-51.0	250.882885	3356.253015	1093.94363	-2388.337674	-1943.119169	1948.254329	3.439097	-137.609732	318.3853	-167.634371	0.0	0.0	20.957547	0.369124	-20.954296
-0.010863	1.015257	0.773679	0.6269129999999999	25.79244	0.218544	-51.302445000000006	2.97	2.73	1.896667	180.0	180.0	0.0	0.0	21.634989	1.49676	-46.0	-46.0	60.600125	-9.326218	49.764207	5.928362	5.422963	-48.404331	250.592673	4023.852536	827.530047	-979.822185	-3933.27215	3936.605132	0.925807	-161.93407	321.62719	-167.251411	0.0	0.0	20.910167	0.395475	-20.906426
0.001449	1.48914	0.472782	0.802284	28.834998	-1.087485	-50.592702	2.97	2.73	1.359767	180.0	180.0	0.0	0.0	21.634989	1.49676	-46.0	-46.0	60.881305	-9.326262	49.764212	5.909287	5.403888	-48.0	250.302885	-193.981424	-624.713944	791.010973	-507.680436	538.675349	-1.610104	-172.978235	324.718557	-166.825888	0.0	0.0	20.85749	0.421254	-20.853236
0.012879	1.841154	0.029115	0.632751	13.71159	-0.499965	-51.093048	2.97	2.73	-1.028773	180.0	180.0	0.0	0.0	21.634989	1.49676	-46.0	-46.0	60.41762	-9.326305	49.764217	5.902437	5.387371	-50.541285	250.046786	-2865.256753	-2839.514	2055.889791	2831.081755	2836.572385	1.465037	-175.438357	327.554838	-166.413693	0.0	0.0	20.806474	0.445142	-20.801712
0.018252	1.881885	0.023616	0.345531	-6.318887999999999	0.4346759999999999	-51.7494	2.97	2.73	-1.655211	180.0	180.0	0.0	0.0	21.638001	1.49676	-46.0	-46.0	60.656523	-9.326345	49.764222	5.891401	5.381416	-51.0	249.75689	-3144.081739	-3463.850387	2415.346267	2576.166892	2581.863542	0.055762	-168.984074	329.571154	-166.127225	0.0	0.0	20.771044	0.462052	-20.765903
0.017013	1.2531599999999998	0.719964	-0.461289	-39.05985	1.027884	-52.600482	2.97	2.73	-0.86932	180.0	180.0	0.0	0.0	21.654428	1.49676	-46.0	-46.0	60.372568	-9.326395	49.764227	5.890235	5.365397	-51.0	249.443429	643.71472	99.24003	1357.767652	-1639.411178	1666.578766	3.567322	-149.579988	334.059608	-165.555414	0.0	0.0	20.700442	0.498985	-20.694427
0.006285	0.662277	0.912216	-0.767895	-28.574286	-0.480642	-51.862905000000005	2.97	2.73	1.104841	180.0	180.0	0.0	0.0	21.654428	1.49676	-46.0	-46.0	60.779453	-9.326439	49.764232	5.889526	5.345572	-51.0	249.152621	3906.736899	2117.499281	-346.706137	-3805.491926	3808.233352	5.921456	-144.35077	337.271722	-165.176268	0.0	0.0	20.65371	0.52509	-20.647034
-0.005925	0.3816509999999999	0.171768	-0.6406320000000001	-4.870779000000001	-2.177541	-50.430117	2.97	2.73	2.142517	180.0	180.0	0.0	0.0	21.654428	1.49676	-46.0	-46.0	60.580729	-9.326483	49.764237	5.87041	5.326348	-48.0	248.872673	4157.026185	2357.837343	-1740.726932	-495.831103	525.677733	-1.763137	-161.544699	340.367193	-164.795906	0.0	0.0	20.60684	0.550409	-20.599488
-0.013152	0.487407	-0.825015	-0.1937669999999999	16.544925	-1.273866	-49.657689	2.97	2.73	0.046301	180.0	180.0	0.0	0.0	21.654428	1.49676	-46.0	-46.0	60.506099	-9.326526	49.764241	5.851298	5.307022	-48.0	248.59381	-174.055561	1915.404102	-2159.937772	4206.400224	4210.18961	-1.212753	-177.708779	343.33808	-164.361635	0.0	0.0	20.553262	0.575458	-20.545204
-0.0127409999999999	0.7949820000000001	-0.950286	0.214665	28.134972	0.470355	-49.951809	2.97	2.73	-0.867853	180.0	180.0	0.0	0.0	21.654428	1.49676	-46.0	-46.0	60.50805	-9.326566	49.764245	5.850972	5.303764	-48.0	248.353426	-1854.199605	1079.013507	-1674.051744	4612.235999	4615.145294	3.078103	-163.004561	345.627447	-164.028212	0.0	0.0	20.512152	0.594747	-20.503526
-0.003522	1.439052	-0.012879	0.658347	32.231622	2.206548	-50.72106	2.97	2.73	-1.3	180.0	180.0	0.0	0.0	21.654428	1.49676	-46.0	-46.0	60.317171	-9.326611	49.76425	5.850972	5.287388	-48.0	248.032941	-1321.155916	-638.444922	-23.53137	361.058991	393.697448	3.497184	-150.10411	349.272333	-163.548394	0.0	0.0	20.453098	0.624905	-20.443549
0.002608	0.629491	0.349118	0.218887	6.535248	0.550392	-16.958829	2.97	2.73	0.436553	180.0	180.0	0.0	0.0	21.671922	1.49676	-21.0	-21.0	60.848586	-9.326658	49.764254	5.831533	5.267819	-16.029777	247.753529	604.363708	-2154.77138	1419.994514	-2935.227638	2939.172247	3.557151	-150.737227	352.313794	-163.16927	0.0	0.0	20.406508	0.649841	-20.396159
