time_idx,actual,prediction,persistence
10623,-1.045059,-1.116815209388733,-1.3103610277175903
10624,-0.201055,0.46280819177627563,-3.4551920890808105
10625,1.407324,1.2797094583511353,-3.859405040740967
10626,2.276186,1.3187345266342163,-3.418375015258789
10627,2.922829,1.2023584842681885,-2.08247709274292
10628,2.737912,1.2961177825927734,-1.0450589656829834
10629,2.016785,0.7775378227233887,-0.20105500519275665
10630,0.562981,0.3184643089771271,1.407323956489563
10631,-0.546946,-0.571131706237793,2.276185989379883
10632,-1.783689,-2.1531598567962646,2.9228289127349854
10633,-3.311101,-3.1128337383270264,2.7379119396209717
10634,-3.641089,-3.170245885848999,2.016784906387329
10635,-2.995052,-2.124846935272217,0.5629810094833374
10636,-0.316773,-0.814003586769104,-0.5469459891319275
10637,2.006675,0.9022284150123596,-1.783689022064209
10638,5.085386,3.2276699542999268,-3.311100959777832
10639,5.582056,3.726202964782715,-3.6410889625549316
10640,4.317926,3.67732572555542,-2.9950520992279053
10641,2.488866,2.3442821502685547,-0.316772997379303
10642,-1.159005,-0.029882213100790977,2.0066750049591064
10643,-3.261548,-3.1245739459991455,5.085385799407959
10644,-4.821145,-5.046912670135498,5.582056045532227
10645,-5.047997,-5.460413932800293,4.317925930023193
10646,-4.483814,-4.553798198699951,2.488866090774536
10647,-2.315931,-2.780350685119629,-1.159005045890808
10648,-0.275189,-0.37598830461502075,-3.2615480422973633
10649,2.965715,1.8880090713500977,-4.821145057678223
10650,6.577842,3.4761550426483154,-5.047996997833252
10651,7.542229,4.318307399749756,-4.483813762664795
10652,6.941497,4.536586761474609,-2.3159310817718506
10653,3.069465,3.407620668411255,-0.27518901228904724
10654,-0.562032,0.9654499292373657,2.965714931488037
10655,-6.177492,-2.328573226928711,6.5778422355651855
10656,-9.085475,-4.7638750076293945,7.542229175567627
10657,-9.533675,-6.003517150878906,6.941496849060059
10658,-6.665945,-4.802496433258057,3.069464921951294
10659,-2.798589,-1.4579721689224243,-0.5620319843292236
10660,2.627151,3.5019314289093018,-6.177492141723633
10661,9.379426,7.481246471405029,-9.085474967956543
10662,11.423194,9.6322021484375,-9.533675193786621
10663,10.404604,8.964519500732422,-6.665945053100586
10664,4.159657,4.931051254272461,-2.798588991165161
10665,-0.801735,-1.0703505277633667,2.6271510124206543
10666,-7.534169,-6.529819488525391,9.379426002502441
10667,-10.065113,-9.616108894348145,11.42319393157959
10668,-9.883671,-9.893847465515137,10.404603958129883
10669,-7.049852,-6.583946228027344,4.159657001495361
10670,-3.856489,-2.367809772491455,-0.801734983921051
10671,0.039527,2.38047194480896,-7.5341691970825195
10672,5.892809,6.7259745597839355,-10.065113067626953
10673,9.091116,7.369266033172607,-9.883670806884766
10674,9.853464,7.0531158447265625,-7.049851894378662
10675,6.612645,5.585878849029541,-3.8564889430999756
10676,2.830202,2.955792188644409,0.03952699899673462
10677,-3.86396,-0.6844491362571716,5.89280891418457
10678,-7.673029,-4.439587116241455,9.091115951538086
10679,-9.21142,-7.493283748626709,9.853464126586914
10680,-8.949643,-7.3149213790893555,6.612645149230957
10681,-5.643703,-4.780836582183838,2.830202102661133
10682,-1.877231,-0.0723847895860672,-3.863960027694702
10683,4.673329,4.764646530151367,-7.673028945922852
10684,8.732403,7.884775638580322,-9.211420059204102
10685,9.96878,9.083173751831055,-8.9496431350708
10686,7.457277,7.646581649780273,-5.643702983856201
10687,3.430541,4.779592037200928,-1.8772310018539429
10688,-1.843936,-0.14194776117801666,4.673328876495361
10689,-6.705072,-4.859290599822998,8.732402801513672
10690,-7.832659,-7.893692970275879,9.968779563903809
10691,-7.540694,-7.823566436767578,7.457276821136475
10692,-5.404455,-5.736149311065674,3.4305410385131836
10693,-3.235552,-3.079374074935913,-1.8439359664916992
10694,0.907389,1.2807440757751465,-6.705071926116943
10695,4.126043,5.059755325317383,-7.832658767700195
10696,6.132521,6.238705158233643,-7.540694236755371
10697,6.770459,6.810937881469727,-5.404455184936523
10698,5.666935,6.340726852416992,-3.2355520725250244
10699,2.913759,3.6770856380462646,0.9073889851570129
10700,-1.600123,-0.02636771835386753,4.12604284286499
10701,-4.586873,-2.6361653804779053,6.132521152496338
10702,-6.410637,-4.316425800323486,6.770459175109863
10703,-7.526613,-5.220978260040283,5.666934967041016
10704,-6.604982,-4.682714939117432,2.9137589931488037
10705,-2.007262,-1.7718141078948975,-1.6001230478286743
10706,2.72327,0.9145295023918152,-4.5868730545043945
10707,6.302767,2.811108112335205,-6.410636901855469
10708,8.89799,4.731770038604736,-7.526613235473633
10709,8.307183,5.688719272613525,-6.604981899261475
10710,5.509905,5.102545738220215,-2.0072619915008545
10711,-0.271741,0.044621795415878296,2.7232699394226074
10712,-4.308806,-3.7147953510284424,6.302766799926758
10713,-6.644669,-6.950244903564453,8.897990226745605
10714,-7.956192,-8.480034828186035,8.307183265686035
10715,-7.404367,-7.920299530029297,5.509904861450195
10716,-4.851757,-5.37179708480835,-0.27174100279808044
10717,-2.398053,-1.717159628868103,-4.3088059425354
10718,-0.020988,2.520137310028076,-6.644669055938721
10719,1.833439,5.382347106933594,-7.9561920166015625
10720,5.030762,5.892799377441406,-7.404366970062256
10721,6.578074,4.998538017272949,-4.851757049560547
10722,6.059652,3.4462246894836426,-2.398052930831909
10723,3.521794,1.934798240661621,-0.02098800055682659
10724,1.079949,0.7522389888763428,1.8334389925003052
10725,-2.338781,-0.5504988431930542,5.030762195587158
10726,-3.747115,-2.8640217781066895,6.578073978424072
10727,-4.538194,-4.944843292236328,6.059651851654053
10728,-4.213138,-4.879870891571045,3.521794080734253
10729,-3.114127,-3.1713144779205322,1.0799490213394165
10730,-1.78664,-0.8999034762382507,-2.3387811183929443
10731,1.047803,0.9084731936454773,-3.747114896774292
10732,2.753275,2.5527546405792236,-4.538194179534912
10733,3.430777,3.779939651489258,-4.213138103485107
10734,1.97192,4.180318832397461,-3.1141269207000732
10735,0.039122,3.706165075302124,-1.7866400480270386
10736,-2.220122,1.318911075592041,1.0478030443191528
10737,-3.029632,-0.7441633343696594,2.753274917602539
10738,-3.266494,-2.1756184101104736,3.430777072906494
10739,-3.1634,-2.540715217590332,1.9719200134277344
10740,-3.019267,-1.9908006191253662,0.039122000336647034
10741,-2.669733,-0.18982546031475067,-2.2201220989227295
10742,-1.005541,0.443781316280365,-3.029632091522217
10743,0.798515,1.1078286170959473,-3.266494035720825
10744,4.029883,2.427595853805542,-3.1633999347686768
10745,5.429377,4.160414695739746,-3.0192670822143555
10746,5.304342,4.841419696807861,-2.6697330474853516
10747,4.34842,4.390979766845703,-1.0055409669876099
10748,1.577001,2.5182414054870605,0.7985150218009949
10749,-0.471142,-1.3646048307418823,4.029882907867432
10750,-3.054981,-3.6991162300109863,5.42937707901001
10751,-4.49237,-4.962645053863525,5.304341793060303
10752,-5.025298,-5.0590925216674805,4.348420143127441
10753,-4.364637,-4.18646764755249,1.5770009756088257
10754,-3.228492,-3.110264778137207,-0.4711419939994812
10755,-0.441027,-1.4489096403121948,-3.054980993270874
10756,1.667057,0.3499266505241394,-4.492370128631592
10757,2.956565,2.235809326171875,-5.025298118591309
10758,3.354669,4.2236738204956055,-4.3646368980407715
10759,2.913586,5.026352882385254,-3.228492021560669
10760,2.085883,3.692646026611328,-0.4410269856452942
10761,0.697558,1.256460189819336,1.6670570373535156
10762,-0.504782,-0.5100688338279724,2.9565649032592773
10763,-1.611115,-1.9533579349517822,3.3546690940856934
10764,-3.34587,-2.7760097980499268,2.913585901260376
10765,-4.209991,-3.1639184951782227,2.0858829021453857
10766,-4.370641,-2.8286197185516357,0.6975579857826233
10767,-2.991505,-2.2466020584106445,-0.5047820210456848
10768,-0.673574,-1.3715698719024658,-1.6111149787902832
10769,1.425815,-0.08504532277584076,-3.345870018005371
10770,4.158706,1.3187071084976196,-4.209990978240967
10771,4.891265,2.3705825805664062,-4.370641231536865
10772,4.064574,3.382194757461548,-2.9915049076080322
10773,2.35874,3.290325403213501,-0.6735739707946777
10774,0.627863,1.5189205408096313,1.4258149862289429
10775,-1.663122,-0.9688079357147217,4.158706188201904
10776,-3.004662,-2.5152029991149902,4.891264915466309
10777,-4.110208,-3.451314687728882,4.064573764801025
10778,-4.347694,-3.574572801589966,2.3587400913238525
10779,-3.615795,-3.134185791015625,0.6278629899024963
10780,-2.654485,-1.8923922777175903,-1.6631220579147339
10781,-0.82996,-0.19496943056583405,-3.004662036895752
10782,0.189396,1.7779595851898193,-4.110208034515381
10783,1.409491,2.9854276180267334,-4.347693920135498
10784,1.979117,2.968140125274658,-3.6157948970794678
10785,2.306863,2.3759379386901855,-2.654484987258911
10786,2.145574,1.5199685096740723,-0.8299599885940552
10787,1.096361,1.1401158571243286,0.1893959939479828
10788,0.035488,0.7642506957054138,1.409490942955017
10789,-1.5114,0.3575535714626312,1.9791170358657837
10790,-2.289458,-1.019336223602295,2.3068630695343018
10791,-2.480866,-2.033797025680542,2.1455740928649902
10792,-1.732334,-1.6519083976745605,1.0963610410690308
10793,-0.840957,-0.32765644788742065,0.03548799827694893
10794,0.819512,1.039300799369812,-1.5113999843597412
10795,1.556168,1.6324280500411987,-2.2894580364227295
10796,1.516915,1.8556580543518066,-2.480865955352783
10797,0.975186,2.0354559421539307,-1.732334017753601
10798,-0.690678,1.5332878828048706,-0.84095698595047
10799,-1.917438,-0.17395935952663422,0.8195120096206665
10800,-2.99242,-0.7259179949760437,1.5561679601669312
10801,-3.008541,-0.9605419039726257,1.516914963722229
10802,-2.647979,-1.1395440101623535,0.9751859903335571
10803,-1.752726,-0.8157188296318054,-0.6906780004501343
10804,-0.97134,-0.17851780354976654,-1.91743803024292
10805,0.63723,0.5636568665504456,-2.992419958114624
10806,1.989034,1.9845136404037476,-3.0085411071777344
10807,2.936482,3.3403491973876953,-2.6479790210723877
10808,3.229332,3.242436170578003,-1.7527259588241577
10809,2.588517,1.4628812074661255,-0.971340000629425
10810,1.539736,-0.022021634504199028,0.6372299790382385
10811,-0.488618,-0.34986254572868347,1.9890340566635132
10812,-2.000919,-1.3726401329040527,2.9364819526672363
10813,-3.039716,-2.624906063079834,3.2293319702148438
10814,-3.887359,-3.3636035919189453,2.5885169506073
10815,-4.040225,-3.372519016265869,1.539736032485962
10816,-3.616631,-2.3105087280273438,-0.48861798644065857
10817,-1.793591,-0.8293243050575256,-2.0009191036224365
10818,0.037407,-0.04271664470434189,-3.0397160053253174
10819,1.386288,0.34058743715286255,-3.8873589038848877
10820,3.002802,1.31086266040802,-4.040225028991699
10821,3.307477,2.5336296558380127,-3.616631031036377
10822,2.360644,3.185314178466797,-1.793591022491455
10823,0.953619,2.6232357025146484,0.03740699961781502
10824,-0.465384,1.531174659729004,1.386288046836853
10825,-1.445281,-1.718045949935913,3.0028018951416016
10826,-2.824688,-2.862678050994873,3.3074769973754883
10827,-3.408866,-3.329597234725952,2.3606441020965576
10828,-3.47993,-2.940739870071411,0.9536190032958984
10829,-2.963781,-1.9975690841674805,-0.46538400650024414
10830,-2.231149,-1.0138392448425293,-1.4452810287475586
10831,-0.672941,0.40456247329711914,-2.824687957763672
10832,0.33843,1.2574392557144165,-3.4088659286499023
10833,1.931507,1.6250743865966797,-3.4799299240112305
10834,2.765891,1.483415126800537,-2.9637811183929443
10835,2.912778,1.5848363637924194,-2.2311489582061768
10836,2.563254,2.0596578121185303,-0.6729410290718079
10837,1.174726,1.6543339490890503,0.3384299874305725
10838,0.046814,0.5494989156723022,1.9315069913864136
10839,-1.59872,-1.3711270093917847,2.7658910751342773
10840,-2.556247,-2.6362147331237793,2.912777900695801
10841,-2.999615,-3.1606850624084473,2.5632541179656982
10842,-2.996408,-3.4273898601531982,1.1747260093688965
10843,-2.571934,-3.3608407974243164,0.046813998371362686
10844,-1.668445,-2.8349609375,-1.5987199544906616
10845,-0.370929,-1.787089228630066,-2.5562469959259033
10846,0.371976,-0.7689918875694275,-2.999614953994751
10847,0.734689,0.34239500761032104,-2.996407985687256
10848,0.781269,1.26133131980896,-2.5719339847564697
10849,0.522196,1.3644092082977295,-1.6684449911117554
10850,0.121194,0.3149344027042389,-0.3709290027618408
10851,0.035652,-0.13512182235717773,0.37197598814964294
10852,0.026144,-0.2843748927116394,0.7346889972686768
10853,-0.07181,-0.24525141716003418,0.7812690138816833
10854,-0.1917,-0.07984012365341187,0.5221959948539734
10855,-0.344651,-0.4549340009689331,0.12119399756193161
10856,-0.453388,-0.5753086805343628,0.035652000457048416
10857,-0.40679,-0.8340330719947815,0.0261439997702837
10858,-0.308957,-0.3893930912017822,-0.07180999964475632
10859,-0.137218,0.1661582738161087,-0.19169999659061432
10860,-0.095888,0.44909438490867615,-0.3446510136127472
10861,-0.305599,-0.3178274929523468,-0.4533880054950714
10862,-0.701192,-0.2001180201768875,-0.40678998827934265
10863,-1.161456,-0.4074397087097168,-0.3089570105075836
10864,-1.513121,-0.7045802474021912,-0.13721799850463867
10865,-1.945008,-0.6307510137557983,-0.09588800370693207
10866,-1.971497,-0.6532614231109619,-0.30559900403022766
10867,-1.365643,-0.7977825403213501,-0.7011920213699341
10868,-0.559342,-1.1071381568908691,-1.1614559888839722
10869,0.092242,-1.3570195436477661,-1.5131210088729858
10870,1.004025,0.49404609203338623,-1.9450080394744873
10871,1.420732,1.087368130683899,-1.9714970588684082
10872,1.717204,1.8509820699691772,-1.36564302444458
10873,1.600219,1.6618958711624146,-0.5593420267105103
10874,1.212884,1.0220845937728882,0.09224200248718262
10875,0.756411,-0.06267938017845154,1.0040249824523926
10876,-0.220614,-0.6798096299171448,1.420732021331787
10877,-0.969165,-1.4633768796920776,1.717203974723816
10878,-1.882311,-1.5143409967422485,1.6002190113067627
10879,-2.25401,-1.5535080432891846,1.2128839492797852
10880,-2.318223,-1.4728729724884033,0.7564110159873962
10881,-2.080945,-1.2369458675384521,-0.2206140011548996
10882,-1.744176,-0.8709306716918945,-0.969165027141571
10883,-1.19669,-0.5567871332168579,-1.8823109865188599
10884,-0.311716,0.39631742238998413,-2.254009962081909
10885,0.437736,0.7423551678657532,-2.318222999572754
10886,1.005895,0.6986956000328064,-2.0809450149536133
10887,1.701496,0.9483737349510193,-1.7441760301589966
10888,1.83505,1.2554374933242798,-1.1966899633407593
10889,1.376733,1.3197436332702637,-0.3117159903049469
10890,0.719154,0.8157467246055603,0.43773600459098816
10891,0.134154,-0.15771274268627167,1.0058950185775757
10892,-0.575724,-1.8395816087722778,1.7014960050582886
10893,-1.001097,-2.1271393299102783,1.8350499868392944
10894,-1.344577,-2.097991943359375,1.3767329454421997
10895,-1.556227,-1.7192860841751099,0.7191540002822876
10896,-1.530174,-1.1492773294448853,0.13415400683879852
10897,-1.390165,-0.48795345425605774,-0.5757240056991577
10898,-0.886376,-0.17604045569896698,-1.0010969638824463
10899,-0.489649,0.06609486788511276,-1.3445769548416138
10900,0.171607,0.039492350071668625,-1.5562269687652588
10901,0.626818,0.12580937147140503,-1.5301740169525146
10902,0.957841,0.5339224338531494,-1.3901649713516235
10903,1.154374,0.9556346535682678,-0.8863760232925415
10904,1.077151,0.8255540728569031,-0.4896489977836609
10905,0.791135,0.43033623695373535,0.17160700261592865
10906,0.249606,-0.026647893711924553,0.6268180012702942
10907,-0.201217,-0.15521162748336792,0.9578409790992737
10908,-0.566931,-0.3905801475048065,1.1543740034103394
10909,-1.073301,-0.8399375081062317,1.0771509408950806
10910,-1.265024,-1.220138430595398,0.7911350131034851
10911,-1.235495,-1.6179324388504028,0.24960599839687347
10912,-0.938021,-1.688380479812622,-0.20121699571609497
10913,-0.578971,-1.4812036752700806,-0.5669310092926025
10914,-0.32684,-0.8990504741668701,-1.0733009576797485
10915,-0.020326,-0.2904861271381378,-1.265023946762085
10916,0.055418,-0.2729955017566681,-1.2354949712753296
10917,-0.000592,-0.4763112962245941,-0.9380210041999817
10918,-0.03606,-0.4167575240135193,-0.5789710283279419
10919,0.010738,-0.3228563070297241,-0.32684001326560974
10920,0.207451,-0.4101448357105255,-0.020325999706983566
10921,0.293701,-0.6508593559265137,0.055417999625205994
10922,0.243742,-0.5826127529144287,-0.0005920000257901847
10923,0.139386,-0.7045561075210571,-0.03606000170111656
10924,0.070245,-0.6681360602378845,0.010738000273704529
10925,0.054697,-0.5813380479812622,0.2074510008096695
10926,0.082579,-0.5267316102981567,0.2937009930610657
10927,0.098162,-0.6097628474235535,0.24374200403690338
10928,0.024893,-0.7924541234970093,0.13938599824905396
10929,-0.138468,-0.8346180319786072,0.07024499773979187
10930,-0.344104,-0.7411792874336243,0.05469699949026108
10931,-0.687018,-0.9316473603248596,0.08257900178432465
10932,-0.917966,-1.1795116662979126,0.09816200286149979
10933,-1.150489,-1.3747702836990356,0.024893000721931458
10934,-1.297598,-0.9311307668685913,-0.13846799731254578
10935,-1.178821,-0.7540653347969055,-0.34410399198532104
10936,-0.899236,-1.4928213357925415,-0.6870179772377014
10937,-0.082095,-1.9461777210235596,-0.9179660081863403
10938,0.524606,-1.9265460968017578,-1.1504889726638794
10939,1.382436,-1.1026217937469482,-1.2975980043411255
10940,1.770772,0.11579563468694687,-1.1788209676742554
10941,1.856864,0.7766233682632446,-0.8992360234260559
10942,1.725587,0.47407639026641846,-0.08209499716758728
10943,1.122532,-0.7101667523384094,0.5246059894561768
10944,0.509238,-1.8523775339126587,1.3824360370635986
10945,-0.507761,-2.085078716278076,1.7707719802856445
10946,-1.260494,-2.6030914783477783,1.8568639755249023
10947,-1.766376,-3.431471824645996,1.725587010383606
10948,-2.213138,-3.5525975227355957,1.1225320100784302
10949,-2.238268,-2.3477351665496826,0.5092380046844482
10950,-1.775519,-1.5989203453063965,-0.5077610015869141
10951,-1.111903,-1.8132015466690063,-1.2604939937591553
10952,-0.422683,-1.847697138786316,-1.76637601852417
10953,0.167273,-0.7703856825828552,-2.2131381034851074
10954,1.259895,-0.33124542236328125,-2.2382678985595703
10955,1.909675,0.09053023159503937,-1.7755190134048462
10956,2.296685,0.6360630393028259,-1.1119029521942139
10957,2.049096,1.4811707735061646,-0.4226830005645752
10958,1.51948,1.891403317451477,0.16727299988269806
10959,0.514579,1.1811987161636353,1.2598949670791626
10960,-0.203424,-0.5201762914657593,1.9096750020980835
10961,-1.284419,-2.057680606842041,2.296684980392456
10962,-1.836754,-2.7609193325042725,2.04909610748291
10963,-2.042451,-2.8495309352874756,1.5194799900054932
10964,-1.97517,-2.7230851650238037,0.5145789980888367
10965,-1.460998,-2.339735269546509,-0.20342400670051575
10966,-0.940296,-1.5794739723205566,-1.2844189405441284
10967,-0.119973,-0.7626591324806213,-1.8367539644241333
10968,0.445385,-0.31375470757484436,-2.0424509048461914
10969,0.819296,-0.05543135106563568,-1.9751700162887573
10970,1.08026,0.6662473082542419,-1.4609980583190918
10971,1.095218,1.1510721445083618,-0.9402959942817688
10972,0.948358,1.1351642608642578,-0.11997299641370773
10973,0.500048,1.0180796384811401,0.44538500905036926
10974,0.072244,0.7198049426078796,0.8192960023880005
10975,-0.239486,0.5273827910423279,1.0802600383758545
10976,-0.649855,0.11621778458356857,1.0952179431915283
10977,-0.794084,-0.5237859487533569,0.9483579993247986
10978,-0.78485,-0.9503735899925232,0.5000479817390442
10979,-0.62262,-0.9694114327430725,0.07224400341510773
10980,-0.377459,-0.8713139891624451,-0.2394859939813614
10981,-0.180409,-0.9209522604942322,-0.6498550176620483
10982,0.115627,-1.173780083656311,-0.7940840125083923
10983,0.242866,-1.2130998373031616,-0.784850001335144
10984,0.195288,-0.9545801877975464,-0.6226199865341187
10985,-0.002824,-0.6985478401184082,-0.37745898962020874
10986,-0.213717,-0.7205447554588318,-0.1804089993238449
10987,-0.556118,-0.8652567267417908,0.1156269982457161
10988,-0.680743,-1.4618414640426636,0.24286599457263947
10989,-0.584278,-1.5635043382644653,0.19528800249099731
10990,-0.37395,-1.0072269439697266,-0.002824000082910061
10991,-0.112618,-0.6356386542320251,-0.2137169986963272
10992,0.075169,-0.7442432045936584,-0.5561180114746094
10993,0.373424,-0.8774285912513733,-0.6807429790496826
10994,0.525876,-0.3650960624217987,-0.5842779874801636
10995,0.577871,-0.15171931684017181,-0.3739500045776367
10996,0.468866,-0.3607414960861206,-0.11261799931526184
10997,0.284406,-0.2802288830280304,0.07516899704933167
10998,-0.063647,-1.0542110204696655,0.3734239935874939
10999,-0.348795,-2.1074864864349365,0.525875985622406
11000,-0.727605,-2.5561907291412354,0.5778710246086121
11001,-1.128139,-1.8248515129089355,0.4688659906387329
11002,-1.267653,-1.4740992784500122,0.28440600633621216
11003,-1.263846,-1.776904821395874,-0.06364700198173523
11004,-0.982759,-2.2217721939086914,-0.34879499673843384
11005,-0.635828,-2.0126590728759766,-0.7276049852371216
11006,0.057943,-1.640777587890625,-1.1281390190124512
11007,0.61911,-1.2357561588287354,-1.267652988433838
11008,0.988314,-0.5095658898353577,-1.2638460397720337
11009,1.217843,0.6803730726242065,-0.9827589988708496
11010,1.195344,0.9113196134567261,-0.6358280181884766
11011,0.960457,0.42268136143684387,0.05794300138950348
11012,0.399284,-0.2646757960319519,0.6191099882125854
11013,-0.096346,-1.0559016466140747,0.9883139729499817
11014,-0.498248,-1.1340452432632446,1.2178430557250977
11015,-1.104507,-1.348351240158081,1.1953439712524414
11016,-1.359275,-1.4641000032424927,0.9604570269584656
11017,-1.439828,-1.117248773574829,0.3992840051651001
11018,-1.244752,-0.37991005182266235,-0.09634599834680557
11019,-0.947242,0.6360092163085938,-0.49824801087379456
11020,-0.663509,0.33297300338745117,-1.1045069694519043
11021,-0.231939,-0.8459795713424683,-1.359274983406067
11022,0.056635,-0.7631688714027405,-1.4398280382156372
11023,0.505641,0.5011780261993408,-1.244752049446106
11024,0.820926,1.424255132675171,-0.947242021560669
11025,0.978136,0.7016719579696655,-0.6635090112686157
11026,0.915438,-0.5199119448661804,-0.23193900287151337
11027,0.70502,-1.1918739080429077,0.05663499981164932
11028,0.197792,-1.0616614818572998,0.505640983581543
11029,-0.220106,-0.6665691137313843,0.8209260106086731
11030,-0.555285,-0.6016062498092651,0.9781360030174255
11031,-0.763339,-1.237593173980713,0.9154379963874817
11032,-0.93651,-1.9107993841171265,0.705020010471344
11033,-0.935386,-2.331848382949829,0.19779199361801147
11034,-0.778324,-1.4282996654510498,-0.22010600566864014
11035,-0.577553,-0.2530735731124878,-0.5552849769592285
11036,-0.407144,-0.45017996430397034,-0.7633389830589294
11037,-0.192142,-0.8374677896499634,-0.9365100264549255
11038,-0.086303,-0.34581390023231506,-0.9353860020637512
11039,0.012434,0.2615492641925812,-0.7783240079879761
11040,0.059193,0.08963008970022202,-0.5775529742240906
11041,0.110265,0.19957977533340454,-0.4071440100669861
11042,0.150293,0.07566190510988235,-0.19214199483394623
11043,0.162628,-0.03323409706354141,-0.08630300313234329
11044,0.140165,-0.3964235484600067,0.01243400014936924
11045,0.08185,-0.6955341100692749,0.059193000197410583
11046,0.017873,-1.049020767211914,0.11026500165462494
11047,-0.057992,-1.4147099256515503,0.1502929925918579
11048,-0.210273,-1.5374025106430054,0.16262799501419067
11049,-0.315014,-1.4893455505371094,0.14016500115394592
11050,-0.405543,-1.6456561088562012,0.08184999972581863
11051,-0.434946,-1.2177772521972656,0.017873000353574753
11052,-0.403331,-0.7132890224456787,-0.05799200013279915
11053,-0.371509,-1.0966216325759888,-0.21027299761772156
11054,-0.35227,-1.4136028289794922,-0.3150140047073364
11055,-0.371898,-1.1479477882385254,-0.4055429995059967
11056,-0.422759,-1.7202677726745605,-0.4349460005760193
11057,-0.407672,-1.8614789247512817,-0.4033310115337372
11058,-0.311726,-1.2935720682144165,-0.37150898575782776
11059,-0.196226,-0.47054681181907654,-0.3522700071334839
11060,0.022079,0.6396906971931458,-0.37189799547195435
11061,0.138062,1.2031422853469849,-0.4227589964866638
11062,0.215191,1.0259814262390137,-0.4076719880104065
11063,0.223371,0.5514666438102722,-0.31172600388526917
11064,0.209208,0.0053885262459516525,-0.19622600078582764
11065,0.143381,-0.35921260714530945,0.022079000249505043
11066,0.081774,-0.6982002258300781,0.1380620002746582
11067,-0.06378,-1.07844078540802,0.21519100666046143
11068,-0.202438,-0.9651747345924377,0.2233709990978241
11069,-0.328689,-0.4701394736766815,0.20920799672603607
11070,-0.411377,0.05657635256648064,0.1433809995651245
11071,-0.523224,-0.6022167801856995,0.08177399635314941
11072,-0.578696,-0.9408140778541565,-0.06378000229597092
11073,-0.635506,-1.6144450902938843,-0.20243799686431885
11074,-0.640581,-1.1550155878067017,-0.32868900895118713
11075,-0.590298,-0.46381738781929016,-0.4113770127296448
11076,-0.376123,-0.056969910860061646,-0.5232239961624146
11077,-0.177507,-0.39080074429512024,-0.5786960124969482
11078,0.08161,-0.48514309525489807,-0.6355059742927551
11079,0.371658,0.05907648056745529,-0.6405810117721558
11080,0.489855,-0.31840816140174866,-0.5902979969978333
11081,0.509273,-0.5749894380569458,-0.37612301111221313
11082,0.382888,-0.42898717522621155,-0.17750699818134308
11083,0.214447,-0.8659477233886719,0.08161000162363052
11084,-0.103943,-0.937523603439331,0.37165799736976624
11085,-0.363853,-0.5997833609580994,0.48985499143600464
11086,-0.562589,-0.5350010991096497,0.5092729926109314
11087,-0.759021,-1.4399988651275635,0.38288798928260803
11088,-0.858815,-2.3363683223724365,0.2144470065832138
11089,-0.914789,-2.3633573055267334,-0.10394299775362015
11090,-0.87813,-1.7673349380493164,-0.36385300755500793
11091,-0.75549,-1.043643593788147,-0.5625889897346497
11092,-0.596127,-0.41796737909317017,-0.759020984172821
11093,-0.191351,0.183521568775177,-0.8588150143623352
11094,0.137494,0.8305395245552063,-0.9147890210151672
11095,0.655827,1.1507948637008667,-0.8781300187110901
11096,0.874809,0.879298210144043,-0.7554900050163269
11097,0.894813,0.4061031937599182,-0.5961269736289978
11098,0.69298,0.19270142912864685,-0.1913509964942932
11099,0.420517,-0.02096114121377468,0.13749399781227112
11100,0.100651,-0.9317387938499451,0.655826985836029
11101,-0.364315,-1.4890551567077637,0.8748090267181396
11102,-0.652934,-1.7454969882965088,0.8948130011558533
11103,-0.812922,-1.2207963466644287,0.6929799914360046
11104,-0.953379,-1.2533748149871826,0.4205169975757599
11105,-0.983818,-1.9332164525985718,0.10065100342035294
11106,-0.964623,-2.6399059295654297,-0.364315003156662
11107,-0.898594,-2.597949504852295,-0.6529340147972107
11108,-0.785664,-1.9269890785217285,-0.8129220008850098
11109,-0.657827,-1.1319854259490967,-0.9533789753913879
11110,-0.301916,-0.5394667983055115,-0.983817994594574
11111,0.01916,0.04710504412651062,-0.964622974395752
11112,0.563121,0.8297727704048157,-0.8985940217971802
11113,0.851615,1.5663645267486572,-0.7856640219688416
11114,0.961745,1.8991049528121948,-0.6578270196914673
11115,0.907859,1.0331175327301025,-0.3019160032272339
11116,0.76558,-0.22033175826072693,0.01916000060737133
11117,0.400521,-1.1585527658462524,0.5631210207939148
11118,0.073435,-1.5984344482421875,0.8516150116920471
11119,-0.269584,-1.5641342401504517,0.961745023727417
11120,-0.541776,-1.5609147548675537,0.9078590273857117
11121,-0.98494,-1.6399860382080078,0.7655799984931946
11122,-1.235422,-1.1934354305267334,0.40052101016044617
11123,-1.505742,-1.250214695930481,0.07343500107526779
11124,-1.585851,-1.597726821899414,-0.2695840001106262
11125,-1.546462,-2.1298701763153076,-0.5417760014533997
11126,-1.241829,-2.3074910640716553,-0.9849399924278259
11127,-0.880316,-2.013672113418579,-1.2354220151901245
11128,-0.319185,-1.2627243995666504,-1.5057419538497925
11129,0.629984,-1.2001914978027344,-1.5858509540557861
11130,1.26007,-0.6515891551971436,-1.546462059020996
11131,1.58621,0.009747272357344627,-1.2418290376663208
11132,1.703813,0.507195770740509,-0.8803160190582275
11133,1.535727,0.5751444697380066,-0.3191849887371063
11134,0.935439,0.05651712790131569,0.6299840211868286
11135,0.382254,-1.5346301794052124,1.2600699663162231
11136,-0.173729,-2.3235015869140625,1.586210012435913
11137,-0.687807,-2.216120481491089,1.7038129568099976
11138,-1.624382,-2.4693009853363037,1.5357270240783691
11139,-2.219736,-2.347766399383545,0.9354389905929565
11140,-2.679822,-2.569519281387329,0.3822540044784546
11141,-2.57642,-1.7797316312789917,-0.17372900247573853
11142,-2.221,-0.7964529395103455,-0.687807023525238
11143,-1.182698,-0.43730559945106506,-1.6243820190429688
11144,-0.459588,-0.581683874130249,-2.219736099243164
11145,0.688814,0.01966504566371441,-2.6798219680786133
11146,1.432428,1.014632225036621,-2.5764200687408447
11147,1.88175,1.0940337181091309,-2.2209999561309814
11148,2.059471,0.900721549987793,-1.1826980113983154
11149,1.890373,1.0537885427474976,-0.4595879912376404
11150,1.453329,1.1477795839309692,0.6888139843940735
11151,0.459516,-0.5470831990242004,1.432428002357483
11152,-0.425242,-1.0761537551879883,1.8817499876022339
11153,-1.188797,-1.4484983682632446,2.0594708919525146
11154,-2.047463,-1.5480070114135742,1.8903729915618896
11155,-2.413192,-1.8000319004058838,1.4533289670944214
11156,-2.521346,-2.3247032165527344,0.4595159888267517
11157,-2.064081,-1.503952980041504,-0.42524200677871704
11158,-1.407789,-0.46063005924224854,-1.1887969970703125
11159,-0.819015,0.8199323415756226,-2.0474629402160645
11160,0.128886,1.7586133480072021,-2.4131920337677
11161,0.733361,2.0234453678131104,-2.521346092224121
11162,1.314126,1.5603749752044678,-2.0640809535980225
11163,1.410015,0.9537766575813293,-1.4077889919281006
11164,1.24948,0.5007870197296143,-0.8190150260925293
11165,0.787626,-0.13866575062274933,0.12888599932193756
11166,0.446418,-0.23949608206748962,0.733361005783081
11167,0.057964,-0.44760754704475403,1.3141260147094727
11168,-0.37147,-1.8357809782028198,1.4100149869918823
11169,-0.648621,-2.6431097984313965,1.2494800090789795
11170,-0.840166,-2.006042003631592,0.7876260280609131
11171,-1.180427,-1.6501823663711548,0.44641798734664917
11172,-1.313057,-1.486506462097168,0.05796400085091591
11173,-1.24734,-1.0050122737884521,-0.37147000432014465
11174,-0.959024,-0.3073747754096985,-0.6486210227012634
11175,-0.600712,0.1815248727798462,-0.8401659727096558
11176,-0.340498,0.10586782544851303,-1.1804269552230835
11177,-0.020301,-0.02440659888088703,-1.3130569458007812
11178,0.115076,0.029344942420721054,-1.2473399639129639
11179,0.257775,0.5416372418403625,-0.9590240120887756
11180,0.424172,0.6577654480934143,-0.6007120013237
11181,0.608133,0.5816240906715393,-0.3404980003833771
11182,0.89978,0.7028135061264038,-0.02030099928379059
11183,0.988862,1.048029899597168,0.11507599800825119
11184,0.776394,1.0968025922775269,0.2577750086784363
11185,0.36889,0.8575785756111145,0.4241720139980316
11186,-0.199305,-0.13111154735088348,0.6081330180168152
11187,-0.716401,-1.4512704610824585,0.8997799754142761
11188,-1.587216,-1.9276981353759766,0.9888619780540466
11189,-2.065447,-1.8288393020629883,0.7763940095901489
11190,-2.297069,-1.7379565238952637,0.3688899874687195
11191,-2.00018,-1.3102506399154663,-0.19930499792099
11192,-1.484914,-0.28983595967292786,-0.7164009809494019
11193,-0.36143,0.7391811013221741,-1.5872160196304321
11194,0.417786,1.586519718170166,-2.0654470920562744
11195,1.340452,1.999334692955017,-2.2970690727233887
11196,2.130778,1.9809223413467407,-2.0001800060272217
11197,2.378904,1.642572283744812,-1.484913945198059
11198,2.319713,1.0166767835617065,-0.36142998933792114
11199,1.702492,0.29526421427726746,0.41778600215911865
11200,0.957059,-0.32985731959342957,1.340451955795288
11201,-0.671409,-1.1731328964233398,2.1307780742645264
11202,-2.123518,-2.4699113368988037,2.378904104232788
11203,-3.144226,-2.850602626800537,2.3197131156921387
11204,-3.878964,-2.238084077835083,1.7024919986724854
11205,-3.698023,-1.8651230335235596,0.9570590257644653
11206,-2.770598,-0.45724600553512573,-0.671409010887146
11207,-0.785306,0.32276585698127747,-2.1235179901123047
11208,0.751798,0.44628557562828064,-3.14422607421875
11209,1.771035,1.280271053314209,-3.8789639472961426
11210,2.980258,2.6087288856506348,-3.6980230808258057
11211,3.341116,3.381932020187378,-2.7705979347229004
11212,3.072007,2.5574421882629395,-0.7853059768676758
11213,2.284941,0.8273633718490601,0.7517979741096497
11214,1.029948,-0.31940793991088867,1.7710349559783936
11215,-0.001824,-0.20671446621418,2.980257987976074
11216,-1.914935,-0.48138555884361267,3.341115951538086
11217,-3.061457,-1.7364147901535034,3.072006940841675
11218,-3.782381,-3.0250282287597656,2.2849409580230713
11219,-3.495063,-3.058502435684204,1.0299479961395264
11220,-2.807539,-2.3637540340423584,-0.0018240000354126096
11221,-1.143568,-1.1036137342453003,-1.9149349927902222
11222,-0.015531,0.30463549494743347,-3.0614569187164307
11223,1.771722,2.2276973724365234,-3.782381057739258
11224,2.751755,2.886080503463745,-3.495063066482544
11225,3.128141,2.2609353065490723,-2.8075389862060547
11226,3.019179,2.3146767616271973,-1.1435680389404297
11227,2.006021,1.8525413274765015,-0.01553099974989891
11228,0.897978,0.34605273604393005,1.7717219591140747
11229,-0.683144,-1.7593035697937012,2.7517549991607666
11230,-1.610178,-2.566575288772583,3.128140926361084
11231,-2.07765,-3.201416492462158,3.019179105758667
11232,-2.308036,-2.7256600856781006,2.006021022796631
11233,-2.246144,-2.517918825149536,0.8979780077934265
11234,-1.798798,-1.8158693313598633,-0.6831439733505249
11235,-1.149728,-0.8247928023338318,-1.610177993774414
11236,-0.391294,-0.16772761940956116,-2.0776500701904297
11237,0.224825,0.12351840734481812,-2.3080360889434814
11238,1.124649,0.3496933877468109,-2.2461440563201904
11239,1.435702,0.37943944334983826,-1.7987979650497437
11240,1.218365,0.8313409090042114,-1.1497279405593872
11241,0.670696,1.1223541498184204,-0.391294002532959
11242,0.196219,0.9330517053604126,0.22482499480247498
11243,-0.182998,0.08887317776679993,1.1246490478515625
11244,-0.186711,-0.24866223335266113,1.4357019662857056
11245,0.069337,-0.62647944688797,1.218364953994751
11246,0.497037,-0.863025963306427,0.6706960201263428
11247,0.56252,-1.0750378370285034,0.19621899724006653
11248,0.40279,-0.5244137644767761,-0.18299800157546997
11249,-0.229528,-0.10878663510084152,-0.18671099841594696
11250,-0.720676,-0.21867555379867554,0.06933700293302536
11251,-1.499721,-1.0255509614944458,0.49703699350357056
11252,-1.974036,-1.7563588619232178,0.5625200271606445
11253,-2.243304,-2.0473995208740234,0.40279000997543335
11254,-2.297939,-2.1233537197113037,-0.22952799499034882
11255,-1.845793,-1.967212438583374,-0.7206760048866272
11256,-0.984215,-1.1007462739944458,-1.4997210502624512
11257,0.854847,0.16696730256080627,-1.9740359783172607
11258,2.373551,1.112169623374939,-2.2433040142059326
11259,3.320791,1.2941162586212158,-2.2979390621185303
11260,3.986431,1.5296603441238403,-1.8457930088043213
11261,3.710023,1.833647608757019,-0.9842150211334229
11262,1.974415,1.600899577140808,0.8548470139503479
11263,0.033333,0.11623584479093552,2.3735508918762207
11264,-1.987282,-1.5323210954666138,3.320791006088257
11265,-3.46167,-3.803248882293701,3.9864308834075928
11266,-5.380967,-5.2771501541137695,3.7100229263305664
11267,-5.849867,-5.045339107513428,1.9744149446487427
11268,-4.650167,-3.722491502761841,0.03333299979567528
11269,-2.437695,-1.4489244222640991,-1.9872820377349854
11270,-0.259244,0.7573411464691162,-3.461669921875
11271,2.736807,2.6203653812408447,-5.380967140197754
11272,4.320499,3.4194085597991943,-5.84986686706543
11273,5.451918,3.6387321949005127,-4.650166988372803
11274,5.542162,3.5136640071868896,-2.437695026397705
11275,4.682319,2.7229502201080322,-0.25924399495124817
11276,3.513818,1.1926223039627075,2.736807107925415
11277,0.348179,-0.5342519283294678,4.320498943328857
11278,-2.172359,-2.582451820373535,5.451918125152588
11279,-5.736283,-4.721076488494873,5.54216194152832
11280,-7.109618,-5.871191501617432,4.682319164276123
11281,-6.882814,-5.9095377922058105,3.5138180255889893
11282,-4.625575,-4.008641719818115,0.34817901253700256
11283,-2.252543,-1.2509664297103882,-2.172358989715576
11284,0.843551,1.7379196882247925,-5.736282825469971
11285,4.502358,4.048087120056152,-7.109618186950684
11286,6.137906,5.20285701751709,-6.882813930511475
11287,6.561429,5.407905578613281,-4.625575065612793
11288,5.302943,4.438981533050537,-2.2525429725646973
11289,3.578779,3.0732712745666504,0.843550980091095
11290,0.031626,0.9118472933769226,4.5023579597473145
11291,-2.577912,-1.9158720970153809,6.137906074523926
11292,-4.547662,-4.404475212097168,6.561429023742676
11293,-5.628644,-5.408495903015137,5.302943229675293
11294,-6.310177,-5.485716342926025,3.5787789821624756
11295,-5.604093,-3.5841829776763916,0.03162600100040436
11296,-2.834769,-1.7819007635116577,-2.5779120922088623
11297,0.001072,-0.12600240111351013,-4.547661781311035
11298,2.237697,1.4519493579864502,-5.628643989562988
11299,4.669367,2.6331756114959717,-6.310176849365234
11300,5.068524,3.257932662963867,-5.604093074798584
11301,3.728223,3.319596767425537,-2.8347690105438232
11302,2.033665,2.7482244968414307,0.0010720000136643648
11303,0.76035,1.5576485395431519,2.237696886062622
11304,0.093511,-0.6769135594367981,4.669366836547852
11305,-0.913466,-2.4500460624694824,5.06852388381958
11306,-1.660719,-3.6291887760162354,3.7282230854034424
11307,-2.555529,-3.6806700229644775,2.0336649417877197
11308,-2.716428,-3.196814775466919,0.7603499889373779
11309,-2.498833,-2.7673134803771973,0.09351100027561188
11310,-2.072382,-1.9915695190429688,-0.9134659767150879
11311,-1.878211,-1.4121543169021606,-1.6607190370559692
11312,-1.744164,-0.5630683898925781,-2.5555291175842285
11313,-0.949321,0.14689907431602478,-2.71642804145813
11314,0.283057,0.6823168396949768,-2.498832941055298
11315,1.571433,0.7870175838470459,-2.0723819732666016
11316,3.584156,0.891301155090332,-1.8782110214233398
11317,4.318727,0.8648814558982849,-1.744163990020752
11318,3.836406,0.8376447558403015,-0.9493209719657898
11319,2.385979,0.6089909076690674,0.28305700421333313
11320,0.81719,-0.5236955881118774,1.5714329481124878
11321,-1.700893,-2.4197373390197754,3.584156036376953
11322,-3.438374,-4.531045436859131,4.318727016448975
11323,-5.651533,-5.8920698165893555,3.8364059925079346
11324,-7.506837,-5.75530481338501,2.385978937149048
11325,-6.826742,-4.729175090789795,0.8171899914741516
11326,-4.903462,-2.7834174633026123,-1.7008930444717407
11327,-0.072607,-0.4014148414134979,-3.4383740425109863
11328,3.049369,2.4371414184570312,-5.651533126831055
11329,6.681115,5.421339988708496,-7.506836891174316
11330,7.784461,6.624173641204834,-6.826742172241211
11331,7.488753,6.227260589599609,-4.903461933135986
11332,6.520609,4.096691131591797,-0.07260700315237045
11333,3.608894,1.1968495845794678,3.0493690967559814
11334,0.813591,-2.7971091270446777,6.68111515045166
11335,-3.854182,-6.652883529663086,7.78446102142334
11336,-7.583908,-9.552685737609863,7.488752841949463
11337,-9.775064,-10.328433990478516,6.520608901977539
11338,-9.769672,-8.751083374023438,3.608894109725952
11339,-7.242966,-5.903762340545654,0.8135910034179688
11340,-0.63536,-1.0187569856643677,-3.854182004928589
11341,4.383556,4.886203289031982,-7.5839080810546875
11342,7.67044,8.909280776977539,-9.775064468383789
11343,9.005763,10.23177433013916,-9.769672393798828
11344,8.25104,9.048802375793457,-7.242966175079346
11345,5.935875,5.077532768249512,-0.6353600025177002
11346,1.552789,0.08432954549789429,4.383555889129639
11347,-1.34847,-3.6006314754486084,7.670440196990967
11348,-2.885091,-6.615641117095947,9.005763053894043
11349,-3.474073,-8.416876792907715,8.2510404586792
11350,-3.015346,-8.058527946472168,5.935874938964844
11351,-2.071019,-5.143827438354492,1.5527889728546143
11352,-2.015343,-3.195218324661255,-1.3484699726104736
11353,-3.574625,-2.2566323280334473,-2.8850910663604736
11354,-5.471782,-2.6146042346954346,-3.4740729331970215
11355,-8.033915,-2.4817113876342773,-3.015346050262451
11356,-8.184436,-2.5232532024383545,-2.071018934249878
11357,-4.912577,-2.0120139122009277,-2.015342950820923
11358,-0.850843,0.2887265384197235,-3.574625015258789
11359,2.878032,3.4785475730895996,-5.471782207489014
11360,7.6707,7.034383773803711,-8.033914566040039
11361,10.492898,9.142569541931152,-8.184435844421387
11362,11.6676,8.70728588104248,-4.912577152252197
11363,7.73685,5.892882823944092,-0.8508430123329163
11364,1.804359,1.500462293624878,2.8780319690704346
11365,-3.3742,-4.2406110763549805,7.6707000732421875
11366,-11.298835,-9.7799072265625,10.492897987365723
11367,-13.898247,-13.862643241882324,11.66759967803955
11368,-11.25264,-12.07754898071289,7.736849784851074
11369,-5.824701,-5.908435344696045,1.804358959197998
11370,-0.396377,0.5251545310020447,-3.3742001056671143
11371,6.62026,8.111479759216309,-11.298834800720215
11372,10.775128,12.638129234313965,-13.898246765136719
11373,13.388222,12.248984336853027,-11.252639770507812
11374,10.97787,8.64294719696045,-5.824700832366943
11375,5.672788,4.135871887207031,-0.39637699723243713
11376,0.931466,-1.869850993156433,6.620259761810303
11377,-6.755549,-7.594272136688232,10.775128364562988
11378,-10.811262,-12.234441757202148,13.388221740722656
11379,-13.333924,-12.563422203063965,10.977869987487793
11380,-10.899621,-8.278329849243164,5.672788143157959
11381,-5.484391,-3.537348985671997,0.9314659833908081
11382,-0.520257,2.9329962730407715,-6.75554895401001
11383,8.379432,8.315351486206055,-10.811262130737305
11384,12.884232,11.651619911193848,-13.333924293518066
11385,12.273548,10.732778549194336,-10.89962100982666
11386,6.855051,7.382535457611084,-5.484391212463379
11387,1.61588,2.2548019886016846,-0.5202569961547852
11388,-5.630024,-4.891056537628174,8.37943172454834
11389,-9.501789,-10.501945495605469,12.884231567382812
11390,-12.098955,-13.332073211669922,12.273548126220703
11391,-10.483016,-9.113495826721191,6.855051040649414
11392,-5.913781,-3.7249467372894287,1.615880012512207
11393,-2.167597,2.4590282440185547,-5.630023956298828
11394,4.364489,7.725785255432129,-9.501789093017578
11395,7.711,11.131186485290527,-12.098955154418945
11396,9.550795,10.243876457214355,-10.483016014099121
11397,8.377749,8.156806945800781,-5.91378116607666
11398,6.435284,6.090457439422607,-2.1675970554351807
11399,3.613822,2.7260303497314453,4.3644890785217285
11400,1.491065,-1.0940552949905396,7.710999965667725
11401,-1.389526,-4.186294078826904,9.55079460144043
11402,-5.300115,-6.166448593139648,8.3777494430542
11403,-6.82216,-6.6954498291015625,6.43528413772583
11404,-6.756817,-5.505512237548828,3.6138219833374023
11405,-4.926308,-4.019597053527832,1.4910650253295898
11406,-3.602657,-1.5039927959442139,-1.3895260095596313
11407,-2.113553,1.0075052976608276,-5.30011510848999
11408,-0.981066,2.4198522567749023,-6.822159767150879
11409,0.791829,3.106565237045288,-6.756816864013672
11410,2.386354,3.313227653503418,-4.9263081550598145
11411,4.645641,3.790255069732666,-3.6026570796966553
11412,4.878554,4.0237016677856445,-2.113553047180176
11413,2.991799,3.6414458751678467,-0.9810659885406494
11414,1.410905,2.7320523262023926,0.791828989982605
11415,0.851426,1.1173644065856934,2.3863539695739746
11416,1.340061,-1.594611644744873,4.645640850067139
11417,1.783399,-3.0330638885498047,4.878553867340088
11418,1.541058,-2.4666340351104736,2.9917991161346436
11419,0.842685,-2.563227891921997,1.4109050035476685
11420,0.354075,-3.053518056869507,0.8514260053634644
11421,-0.121351,-4.243767261505127,1.3400609493255615
11422,-2.16802,-5.072999477386475,1.783398985862732
11423,-4.415699,-4.0978684425354,1.5410579442977905
11424,-6.752661,-3.3285140991210938,0.8426849842071533
11425,-6.146339,-3.209873914718628,0.35407501459121704
11426,-4.105676,-2.6548449993133545,-0.12135100364685059
11427,-0.070216,-0.4308222234249115,-2.168020009994507
11428,2.752755,3.1159403324127197,-4.415699005126953
11429,6.851443,6.392876625061035,-6.752661228179932
11430,9.101933,7.577845096588135,-6.146338939666748
11431,9.467752,6.510087490081787,-4.105676174163818
11432,8.240157,3.075093984603882,-0.07021600008010864
11433,3.098073,-1.5056413412094116,2.7527549266815186
11434,-1.853561,-7.5742926597595215,6.851442813873291
11435,-10.133627,-11.544371604919434,9.101932525634766
11436,-13.553698,-12.397178649902344,9.467752456665039
11437,-12.657615,-10.499521255493164,8.240157127380371
11438,-6.464016,-5.584810733795166,3.0980730056762695
11439,-0.777502,0.19558049738407135,-1.8535610437393188
11440,6.655251,7.304384231567383,-10.133626937866211
11441,15.281776,12.219042778015137,-13.55369758605957
11442,16.179406,12.020793914794922,-12.657614707946777
11443,12.768862,8.17215347290039,-6.464015960693359
11444,1.992635,1.5799692869186401,-0.7775020003318787
11445,-5.44357,-5.142571926116943,6.6552510261535645
11446,-15.62747,-12.3969144821167,15.281776428222656
11447,-17.706034,-16.14954376220703,16.179405212402344
11448,-13.792818,-13.312929153442383,12.768861770629883
11449,-7.851,-4.9979472160339355,1.9926350116729736
11450,4.174797,1.5608739852905273,-5.443570137023926
11451,12.435486,10.43915843963623,-15.627470016479492
11452,17.718197,14.417908668518066,-17.70603370666504
11453,14.10522,11.872708320617676,-13.792818069458008
11454,8.301109,7.0094499588012695,-7.85099983215332
11455,-3.942116,-1.087085247039795,4.174797058105469
11456,-10.899793,-8.091940879821777,12.43548583984375
11457,-16.777608,-14.709759712219238,17.718196868896484
11458,-13.325928,-13.389594078063965,14.105219841003418
11459,-6.357327,-7.463306427001953,8.301109313964844
11460,-0.066206,0.10641855746507645,-3.9421160221099854
11461,9.376331,6.6081109046936035,-10.899792671203613
11462,13.689222,12.818504333496094,-16.77760887145996
11463,12.793371,11.021967887878418,-13.325927734375
11464,7.541473,5.799708843231201,-6.357326984405518
11465,2.361856,0.06769769638776779,-0.06620600074529648
11466,-5.900924,-6.090760231018066,9.376331329345703
11467,-10.530057,-11.09046745300293,13.68922233581543
11468,-13.828417,-12.036417007446289,12.793371200561523
11469,-10.185657,-7.783881187438965,7.541472911834717
11470,-4.04358,-3.0390396118164062,2.361855983734131
11471,0.672143,3.332153558731079,-5.900924205780029
11472,8.441225,8.401625633239746,-10.530056953430176
11473,11.825116,11.842111587524414,-13.82841682434082
11474,11.887492,10.237029075622559,-10.185656547546387
11475,7.784971,5.668465614318848,-4.043580055236816
11476,2.604539,0.5973937511444092,0.6721429824829102
11477,-5.722588,-4.699532985687256,8.441225051879883
11478,-10.571434,-9.723556518554688,11.825116157531738
11479,-12.855207,-10.757308959960938,11.887492179870605
11480,-8.149103,-6.985074043273926,7.784971237182617
11481,-2.091507,-1.7929283380508423,2.604538917541504
11482,2.126395,4.199983596801758,-5.722588062286377
11483,7.56499,8.593079566955566,-10.571434020996094
11484,9.231166,10.837753295898438,-12.855207443237305
11485,8.731242,8.715317726135254,-8.149103164672852
11486,5.911458,3.9994258880615234,-2.0915069580078125
11487,2.023361,-0.8686481714248657,2.1263949871063232
11488,-1.824818,-5.8248419761657715,7.564990043640137
11489,-7.529037,-8.307077407836914,9.231165885925293
11490,-9.042932,-6.40317440032959,8.731242179870605
11491,-5.922662,-3.8206374645233154,5.9114580154418945
11492,-1.861939,-0.7741562128067017,2.0233609676361084
11493,1.230693,2.267796277999878,-1.8248180150985718
11494,4.969936,5.659696102142334,-7.529036998748779
11495,6.454426,7.227564334869385,-9.04293155670166
11496,6.164379,6.315573215484619,-5.922661781311035
11497,3.610073,3.9287774562835693,-1.8619389533996582
11498,0.540717,0.7981852293014526,1.230692982673645
11499,-1.429541,-3.0780251026153564,4.969935894012451
11500,-3.166563,-6.076192378997803,6.454425811767578
11501,-2.702521,-4.815652847290039,6.164379119873047
11502,-0.720628,-2.4426794052124023,3.6100730895996094
11503,0.391809,-0.21387363970279694,0.5407170057296753
11504,0.559529,1.634629487991333,-1.429540991783142
11505,-0.49613,1.6220029592514038,-3.166563034057617
11506,-1.67942,1.6400915384292603,-2.7025210857391357
11507,-3.244677,1.2036216259002686,-0.720628023147583
11508,-4.293485,0.5304504036903381,0.39180898666381836
11509,-3.736187,0.038172490894794464,0.5595290064811707
11510,-2.253713,0.057227723300457,-0.49612998962402344
11511,1.899433,0.7998290061950684,-1.679419994354248
11512,5.003882,2.6670632362365723,-3.2446770668029785
11513,8.146176,4.659379005432129,-4.293485164642334
11514,8.101103,5.639498710632324,-3.736186981201172
11515,6.231278,4.911990642547607,-2.2537128925323486
11516,1.289535,-0.46537211537361145,1.8994330167770386
11517,-3.209649,-6.60618257522583,5.003881931304932
11518,-8.724941,-10.738079071044922,8.1461763381958
11519,-12.24797,-10.832036972045898,8.101102828979492
11520,-9.820626,-7.919710636138916,6.231277942657471
11521,-5.515949,-1.9053380489349365,1.2895350456237793
11522,3.134915,4.313352584838867,-3.209649085998535
11523,9.034521,9.692392349243164,-8.72494125366211
11524,14.817815,12.267755508422852,-12.247969627380371
11525,13.299033,10.563409805297852,-9.820626258850098
11526,8.166109,6.492045879364014,-5.51594877243042
11527,2.667782,-0.9174091815948486,3.1349151134490967
11528,-7.604025,-6.576505661010742,9.034521102905273
11529,-13.979023,-12.908632278442383,14.817814826965332
11530,-15.837963,-13.652130126953125,13.299033164978027
11531,-10.653298,-8.8445405960083,8.166109085083008
11532,-4.733892,-2.685504198074341,2.6677820682525635
11533,6.101976,5.321326732635498,-7.604024887084961
11534,11.904602,12.0098876953125,-13.979022979736328
11535,15.715061,13.896888732910156,-15.837963104248047
11536,12.075391,10.167856216430664,-10.653298377990723
11537,5.630915,4.845585823059082,-4.73389196395874
11538,0.237427,-2.0862629413604736,6.101975917816162
11539,-8.096913,-8.08053207397461,11.90460205078125
11540,-12.0397,-13.260246276855469,15.71506118774414
11541,-11.724496,-10.902416229248047,12.075390815734863
11542,-7.446712,-5.65212869644165,5.63091516494751
11543,-2.639489,-0.6063271164894104,0.2374269962310791
11544,3.681626,5.600035667419434,-8.09691333770752
11545,7.108909,9.088098526000977,-12.03969955444336
11546,9.163057,8.705641746520996,-11.724495887756348
11547,7.704219,7.233826160430908,-7.446712017059326
11548,4.821217,5.1234636306762695,-2.639488935470581
11549,2.300324,1.855468988418579,3.681626081466675
11550,-1.524728,-1.603940486907959,7.1089091300964355
11551,-3.681971,-5.0514445304870605,9.163057327270508
11552,-5.360966,-5.604689598083496,7.704218864440918
11553,-5.019935,-4.137682914733887,4.821217060089111
11554,-3.665397,-2.252901077270508,2.300323963165283
11555,-1.042104,-0.08010150492191315,-1.5247279405593872
11556,0.722028,1.7469488382339478,-3.6819710731506348
11557,2.296861,3.363805055618286,-5.360966205596924
11558,2.879511,3.448775053024292,-5.019935131072998
11559,2.484279,3.0206010341644287,-3.6653969287872314
11560,2.020594,2.4559273719787598,-1.0421040058135986
11561,1.308147,1.8275436162948608,0.7220280170440674
11562,0.745341,0.7339785099029541,2.296860933303833
11563,-0.48698,-0.3350883424282074,2.8795111179351807
11564,-1.442633,-0.7276471853256226,2.484278917312622
11565,-1.864235,-1.0113873481750488,2.0205938816070557
11566,-1.669529,-1.1046648025512695,1.3081469535827637
11567,-0.566478,-1.0384678840637207,0.7453410029411316
11568,0.266512,-0.3671896755695343,-0.48697999119758606
11569,0.787504,0.3695535659790039,-1.442633032798767
11570,0.526133,0.7467271685600281,-1.8642350435256958
11571,0.106671,0.9386656880378723,-1.6695289611816406
11572,-0.599856,0.9027342200279236,-0.5664780139923096
11573,-0.924346,0.8068931698799133,0.266512006521225
11574,-1.149033,0.8773602247238159,0.7875040173530579
11575,-0.847595,0.803943932056427,0.5261330008506775
11576,0.066816,0.8260160088539124,0.10667099803686142
11577,1.081149,0.8626673221588135,-0.5998560190200806
11578,2.450392,1.0468010902404785,-0.9243460297584534
11579,2.625125,1.4095031023025513,-1.1490329504013062
11580,2.069034,1.8383527994155884,-0.8475949764251709
11581,1.74483,1.5079163312911987,0.06681600213050842
11582,1.621727,0.37190181016921997,1.0811489820480347
11583,0.921031,-1.7069157361984253,2.450392007827759
11584,-0.077574,-3.1894774436950684,2.625124931335449
11585,-1.912443,-3.210655689239502,2.0690340995788574
11586,-4.416177,-2.621506452560425,1.7448300123214722
11587,-5.740863,-2.404524564743042,1.6217269897460938
11588,-5.949183,-2.467742443084717,0.9210309982299805
11589,-4.127911,-1.5222859382629395,-0.0775739997625351
11590,-1.65436,0.530518651008606,-1.9124430418014526
11591,3.165569,3.952009916305542,-4.416176795959473
11592,6.522342,6.525744438171387,-5.740862846374512
11593,8.141784,7.30215311050415,-5.949182987213135
11594,7.3486,5.94209098815918,-4.12791109085083
11595,5.169461,3.872121810913086,-1.654360055923462
11596,1.566951,-0.30292487144470215,3.1655690670013428
11597,-2.935315,-4.9013261795043945,6.522342205047607
11598,-5.687584,-9.10936164855957,8.141783714294434
11599,-7.380446,-8.331648826599121,7.348599910736084
11600,-8.316152,-6.265201568603516,5.169460773468018
11601,-7.082836,-3.228440046310425,1.566951036453247
11602,-2.422163,-0.12969271838665009,-2.935314893722534
11603,1.07117,3.0282065868377686,-5.687583923339844
11604,3.964797,5.776406288146973,-7.380445957183838
11605,5.36759,6.779636859893799,-8.31615161895752
11606,6.800782,6.7853851318359375,-7.082836151123047
11607,7.105765,5.769264221191406,-2.4221630096435547
11608,5.925883,3.76492977142334,1.0711699724197388
11609,3.698695,1.5338674783706665,3.964797019958496
11610,1.352757,-0.6236065030097961,5.367589950561523
11611,-2.421844,-3.110591411590576,6.800782203674316
11612,-4.232399,-5.018759727478027,7.105764865875244
11613,-5.728048,-5.710572242736816,5.925882816314697
11614,-5.959827,-5.53474235534668,3.698694944381714
11615,-5.635649,-4.253987789154053,1.3527569770812988
11616,-4.958331,-2.2493197917938232,-2.421844005584717
11617,-2.464686,-0.2791531980037689,-4.232398986816406
11618,-0.115965,2.163886070251465,-5.728047847747803
11619,2.901822,4.305314540863037,-5.959826946258545
11620,3.939784,6.005362033843994,-5.63564920425415
11621,4.093643,6.65791130065918,-4.958331108093262
11622,3.953985,5.764871597290039,-2.4646859169006348
11623,3.861787,3.913670301437378,-0.11596500128507614
11624,3.223742,1.9468994140625,2.901822090148926
11625,1.849699,0.36370816826820374,3.939784049987793
11626,-0.0045,-0.7954460382461548,4.0936431884765625
11627,-1.53782,-2.0000159740448,3.9539849758148193
11628,-3.67638,-3.4566729068756104,3.8617870807647705
11629,-4.449615,-4.232128143310547,3.2237420082092285
11630,-4.006672,-3.5554115772247314,1.8496990203857422
11631,-2.665265,-2.0569956302642822,-0.0044999998062849045
11632,-1.160848,-0.44378986954689026,-1.5378199815750122
11633,0.770043,0.9512799382209778,-3.676379919052124
11634,1.926023,2.1105422973632812,-4.449615001678467
11635,2.824684,2.3759982585906982,-4.006671905517578
11636,2.918014,2.1712687015533447,-2.6652650833129883
11637,2.269309,1.904109001159668,-1.1608480215072632
11638,1.534053,1.3466684818267822,0.7700430154800415
11639,0.428032,0.433645635843277,1.926023006439209
11640,-0.118154,-0.7655543088912964,2.824683904647827
11641,-0.515318,-1.814599871635437,2.9180140495300293
11642,-0.332304,-2.0081539154052734,2.2693090438842773
11643,-0.006359,-1.8708122968673706,1.5340529680252075
11644,0.182044,-1.5691019296646118,0.4280320107936859
11645,-0.010471,-1.4081449508666992,-0.11815399676561356
11646,-0.501536,-1.5574618577957153,-0.515317976474762
11647,-1.32034,-1.6918253898620605,-0.3323040008544922
11648,-1.7402,-1.4513847827911377,-0.006359000224620104
11649,-1.888941,-1.1250581741333008,0.18204399943351746
11650,-1.3829,-1.0016549825668335,-0.010471000336110592
11651,-0.593646,-0.7204148173332214,-0.5015360116958618
11652,1.128285,-0.5834810137748718,-1.3203400373458862
11653,2.075772,0.08036412298679352,-1.7402000427246094
11654,2.402805,1.0785523653030396,-1.8889410495758057
11655,2.371274,1.9474574327468872,-1.3828999996185303
11656,1.886014,1.9875491857528687,-0.5936459898948669
11657,1.249615,0.7340328693389893,1.1282850503921509
11658,-0.073559,-0.727489173412323,2.0757720470428467
11659,-1.197797,-1.930007815361023,2.4028050899505615
11660,-1.997761,-2.8097214698791504,2.371273994445801
11661,-2.462553,-2.8487632274627686,1.8860139846801758
11662,-2.207151,-2.7722361087799072,1.249614953994751
11663,-0.756553,-2.7650277614593506,-0.0735590010881424
11664,0.838271,-1.8296589851379395,-1.1977969408035278
11665,2.274427,-0.4149705469608307,-1.9977610111236572
11666,3.018151,0.29747268557548523,-2.462553024291992
11667,2.912904,1.0105689764022827,-2.207150936126709
11668,1.659928,0.4125702679157257,-0.7565529942512512
11669,-2.159424,-0.5498525500297546,0.8382710218429565
11670,-5.319588,-1.8177454471588135,2.2744269371032715
11671,-6.791429,-3.048964023590088,3.018151044845581
11672,-5.656444,-2.7184834480285645,2.9129040241241455
11673,-2.695054,-1.3178503513336182,1.6599279642105103
11674,1.530567,2.0729012489318848,-2.159424066543579
11675,6.983521,4.851585865020752,-5.3195881843566895
11676,9.372869,6.072096347808838,-6.791429042816162
11677,9.735528,6.0632147789001465,-5.656444072723389
11678,6.622559,3.9262993335723877,-2.695054054260254
11679,2.585344,-0.4098365902900696,1.5305670499801636
11680,-6.020544,-6.9623284339904785,6.983520984649658
11681,-12.01966,-12.420829772949219,9.372868537902832
11682,-14.359414,-13.642806053161621,9.735527992248535
11683,-12.864609,-9.835936546325684,6.622559070587158
11684,-4.54434,-3.900765895843506,2.585344076156616
11685,3.155439,2.8176345825195312,-6.020544052124023
11686,12.768445,10.176929473876953,-12.019659996032715
11687,15.778872,12.999480247497559,-14.359414100646973
11688,14.542815,11.957759857177734,-12.864608764648438
11689,7.345195,8.169629096984863,-4.544340133666992
11690,1.647482,2.4503180980682373,3.1554388999938965
11691,-8.412276,-5.300337791442871,12.768445014953613
11692,-14.503751,-12.797843933105469,15.778871536254883
11693,-15.792502,-15.291482925415039,14.542815208435059
11694,-13.396341,-11.445056915283203,7.3451948165893555
11695,-5.093235,-4.815372467041016,1.6474820375442505
11696,1.390168,2.0266449451446533,-8.412276268005371
11697,9.039288,7.515771389007568,-14.503750801086426
11698,12.504814,10.263647079467773,-15.792502403259277
11699,12.934017,9.666337013244629,-13.396341323852539
11700,9.841735,5.487129211425781,-5.093235015869141
11701,5.757576,0.5727494955062866,1.3901679515838623
11702,0.029153,-4.010863304138184,9.039287567138672
11703,-7.536809,-7.140636920928955,12.504814147949219
11704,-10.875689,-8.843851089477539,12.934017181396484
11705,-11.174855,-8.159597396850586,9.841734886169434
11706,-6.775508,-5.763630390167236,5.757575988769531
11707,-2.383138,-2.4325180053710938,0.029153000563383102
11708,3.743265,2.2476048469543457,-7.536808967590332
11709,6.815741,6.151646137237549,-10.875688552856445
11710,7.768108,7.582053184509277,-11.17485523223877
11711,6.273967,6.530507564544678,-6.775507926940918
11712,3.814479,4.446642875671387,-2.3831379413604736
11713,0.085108,1.6891658306121826,3.74326491355896
11714,-4.483253,-1.1851288080215454,6.815741062164307
11715,-6.106619,-3.493927001953125,7.768107891082764
11716,-6.008591,-3.7055718898773193,6.2739667892456055
11717,-3.235099,-2.525456190109253,3.814479112625122
11718,-0.714545,-0.7096136808395386,0.08510799705982208
11719,3.249617,1.5457121133804321,-4.483253002166748
11720,5.48264,3.5827789306640625,-6.106618881225586
11721,6.389976,4.14899206161499,-6.008591175079346
11722,6.005376,3.8353283405303955,-3.2350990772247314
11723,2.622325,3.2519209384918213,-0.7145450115203857
11724,-1.173123,1.290960669517517,3.249617099761963
11725,-5.835699,-1.0789642333984375,5.482639789581299
11726,-7.088485,-3.6171865463256836,6.3899760246276855
11727,-6.451782,-5.327197074890137,6.005375862121582
11728,-3.171964,-3.969388484954834,2.6223249435424805
11729,-0.782018,-0.8561416268348694,-1.1731230020523071
11730,3.312268,2.3168983459472656,-5.835699081420898
11731,6.000653,4.554136276245117,-7.088484764099121
11732,7.230915,4.893336772918701,-6.4517822265625
11733,6.917156,3.5059773921966553,-3.171963930130005
11734,3.448322,2.378817081451416,-0.7820180058479309
11735,-0.323659,0.47345274686813354,3.312268018722534
11736,-5.469066,-1.7446383237838745,6.00065279006958
11737,-7.265672,-3.985936164855957,7.230915069580078
11738,-6.909371,-5.541910648345947,6.917156219482422
11739,-4.069706,-4.161001205444336,3.448322057723999
11740,-1.563854,-0.7795653939247131,-0.3236590027809143
11741,2.591619,3.6709117889404297,-5.469066143035889
11742,5.39554,5.841340065002441,-7.265672206878662
11743,6.724213,6.73993444442749,-6.9093708992004395
11744,6.399568,5.738982200622559,-4.069705963134766
11745,3.189121,3.573559045791626,-1.5638539791107178
11746,0.292508,0.7492339015007019,2.5916190147399902
11747,-3.013227,-2.0545053482055664,5.395540237426758
11748,-3.692041,-4.118618965148926,6.724213123321533
11749,-3.141227,-5.1553192138671875,6.3995680809021
11750,-1.647788,-4.33474588394165,3.1891210079193115
11751,-0.982039,-1.8487777709960938,0.29250800609588623
11752,-0.751346,0.188640758395195,-3.0132269859313965
11753,-0.818854,1.2670650482177734,-3.6920409202575684
11754,-0.659217,1.624497890472412,-3.1412270069122314
11755,-0.433117,1.7719486951828003,-1.6477880477905273
11756,-0.181375,1.8083670139312744,-0.9820389747619629
11757,-0.126122,1.888592004776001,-0.7513459920883179
11758,0.474447,1.9195090532302856,-0.8188539743423462
11759,1.833913,2.0707695484161377,-0.6592170000076294
11760,3.495274,1.8551316261291504,-0.43311700224876404
11761,5.117994,1.3996907472610474,-0.18137499690055847
11762,5.095146,0.8060537576675415,-0.12612199783325195
11763,3.534542,0.044711146503686905,0.47444701194763184
11764,-0.521874,-1.220101237297058,1.833912968635559
11765,-3.982016,-3.350468873977661,3.495274066925049
11766,-6.118325,-6.011012077331543,5.1179938316345215
11767,-7.626435,-6.765223503112793,5.095146179199219
11768,-7.241214,-5.761302947998047,3.5345420837402344
11769,-4.123163,-2.152745008468628,-0.5218740105628967
11770,-0.426211,1.8752058744430542,-3.982016086578369
11771,4.08889,5.121357440948486,-6.118325233459473
11772,7.169332,7.761053085327148,-7.626434803009033
11773,10.222681,8.447724342346191,-7.241213798522949
11774,9.229125,6.927037239074707,-4.123163223266602
11775,3.90741,4.234103679656982,-0.42621099948883057
11776,-1.100064,-0.18694718182086945,4.088890075683594
11777,-5.050207,-5.311627388000488,7.169332027435303
11778,-9.618181,-9.664007186889648,10.222681045532227
11779,-11.033417,-11.273908615112305,9.229125022888184
11780,-9.866791,-7.30480432510376,3.907409906387329
11781,-4.440393,-2.7540228366851807,-1.1000640392303467
11782,1.385243,1.592362403869629,-5.050207138061523
11783,5.408331,6.7191481590271,-9.618181228637695
11784,10.215763,9.787177085876465,-11.033416748046875
11785,10.627911,11.103008270263672,-9.866790771484375
11786,6.556154,8.253785133361816,-4.440392971038818
11787,2.218288,2.6164357662200928,1.3852430582046509
11788,-1.196875,-2.6152961254119873,5.408330917358398
11789,-4.513093,-6.393618583679199,10.215763092041016
11790,-6.012267,-8.722161293029785,10.627910614013672
11791,-6.747802,-7.373312950134277,6.556153774261475
11792,-5.884035,-4.023954391479492,2.218287944793701
11793,-4.480935,-1.183092713356018,-1.196874976158142
11794,-3.228034,0.7938953638076782,-4.513092994689941
11795,-1.37076,2.0597574710845947,-6.012267112731934
11796,-0.457521,2.868222236633301,-6.747801780700684
11797,0.705118,3.3321456909179688,-5.884035110473633
11798,1.395902,3.794264554977417,-4.480935096740723
11799,1.783017,4.27918815612793,-3.228034019470215
11800,1.952468,4.110010147094727,-1.3707599639892578
11801,2.091522,3.4276950359344482,-0.457520991563797
11802,2.145032,2.7086923122406006,0.7051180005073547
11803,2.277177,2.159048318862915,1.3959020376205444
11804,2.296353,1.4667556285858154,1.7830170392990112
11805,2.08464,0.725793182849884,1.9524680376052856
11806,0.903897,0.18184411525726318,2.091521978378296
11807,-0.08547,-0.5511517524719238,2.1450319290161133
11808,-1.58191,-1.6694279909133911,2.277177095413208
11809,-2.129809,-2.601285934448242,2.2963531017303467
11810,-2.323197,-2.982729196548462,2.0846400260925293
11811,-2.496784,-2.601405382156372,0.9038969874382019
11812,-3.023997,-1.7655998468399048,-0.08546999841928482
11813,-3.239495,-0.33372431993484497,-1.5819100141525269
11814,-2.076634,0.4317144453525543,-2.1298089027404785
11815,-0.052848,0.7843519449234009,-2.3231968879699707
11816,1.921299,1.1101915836334229,-2.496783971786499
11817,3.904901,1.803835153579712,-3.0239970684051514
11818,4.398543,2.4650909900665283,-3.239495038986206
11819,4.034702,2.710815191268921,-2.076633930206299
11820,2.669602,2.143904209136963,-0.05284800007939339
11821,1.187844,0.7636539340019226,1.9212989807128906
11822,-0.249747,-1.2292436361312866,3.9049010276794434
11823,-3.414735,-3.199552059173584,4.398542881011963
11824,-5.112063,-4.320005416870117,4.034701824188232
11825,-4.894632,-4.297047138214111,2.6696019172668457
11826,-2.518768,-3.244216203689575,1.1878440380096436
11827,-0.009388,-1.5258036851882935,-0.24974699318408966
11828,2.862627,1.1695752143859863,-3.4147350788116455
11829,4.117666,3.385769844055176,-5.112062931060791
11830,5.002449,4.498301029205322,-4.894631862640381
11831,5.26113,3.6018176078796387,-2.518768072128296
11832,4.07508,1.7840733528137207,-0.009387999773025513
11833,1.958155,-0.6756623983383179,2.8626270294189453
11834,-3.244326,-3.132199764251709,4.117665767669678
11835,-6.814722,-5.658368110656738,5.002449035644531
11836,-9.047438,-6.655243396759033,5.261129856109619
11837,-6.810634,-6.676351070404053,4.075079917907715
11838,-2.988347,-4.41837215423584,1.9581550359725952
11839,2.756453,1.007325530052185,-3.244326114654541
11840,6.333018,6.597928524017334,-6.814722061157227
11841,9.596347,9.602282524108887,-9.04743766784668
11842,10.546164,8.025993347167969,-6.810634136199951
11843,7.735973,4.743294715881348,-2.988347053527832
11844,3.748921,0.20699669420719147,2.756453037261963
11845,-3.744356,-5.01491641998291,6.333017826080322
11846,-8.222569,-10.272522926330566,9.596346855163574
11847,-12.202403,-13.745770454406738,10.546163558959961
11848,-10.860652,-11.633049011230469,7.735972881317139
11849,-7.032515,-6.398074626922607,3.7489209175109863
11850,-3.198459,0.9367209672927856,-3.7443559169769287
11851,3.960276,6.9353179931640625,-8.222569465637207
11852,8.680139,10.891311645507812,-12.20240306854248
11853,12.426743,10.819403648376465,-10.860651969909668
11854,11.000276,8.797160148620605,-7.032515048980713
11855,7.510941,6.310825347900391,-3.1984589099884033
11856,1.00069,1.8599861860275269,3.960275888442993
11857,-3.089019,-3.5076639652252197,8.68013858795166
11858,-7.290737,-8.537604331970215,12.426742553710938
11859,-9.884936,-10.94804859161377,11.000275611877441
11860,-9.631799,-9.100384712219238,7.510941028594971
11861,-8.329668,-3.7348875999450684,1.00068998336792
11862,-4.366811,0.44813647866249084,-3.0890190601348877
11863,-1.208776,3.5505785942077637,-7.290737152099609
11864,3.471474,5.754220485687256,-9.884936332702637
11865,6.033391,6.234341144561768,-9.63179874420166
11866,7.005616,6.448331356048584,-8.329668045043945
11867,6.562038,5.832505226135254,-4.3668107986450195
11868,5.320892,4.894803047180176,-1.2087759971618652
11869,3.468378,3.1496047973632812,3.4714739322662354
11870,1.055803,1.1068174839019775,6.033390998840332
11871,-0.149478,-0.644940197467804,7.005616188049316
11872,-0.726358,-2.071686267852783,6.562037944793701
11873,-0.83323,-2.5628464221954346,5.320891857147217
11874,-0.507281,-2.6427059173583984,3.4683780670166016
11875,0.138863,-1.8522776365280151,1.0558029413223267
11876,0.111254,-1.0998061895370483,-0.1494780033826828
11877,-0.512611,-0.8618597388267517,-0.7263579964637756
11878,-1.319272,-1.0868358612060547,-0.8332300186157227
11879,-2.590781,-1.4958100318908691,-0.5072810053825378
11880,-3.074829,-2.1518161296844482,0.1388629972934723
11881,-2.980772,-2.4886138439178467,0.1112539991736412
11882,-2.410412,-2.073524236679077,-0.5126109719276428
11883,-1.829947,-1.225815773010254,-1.3192720413208008
11884,-0.536532,-0.025482645258307457,-2.5907809734344482
11885,0.474855,0.9643469452857971,-3.0748291015625
11886,2.675661,2.0944442749023438,-2.980772018432617
11887,4.153652,3.0294711589813232,-2.410412073135376
11888,4.656573,3.0730483531951904,-1.8299469947814941
11889,4.275662,2.49172043800354,-0.5365319848060608
11890,2.220149,2.3458175659179688,0.4748550057411194
11891,0.545091,0.8633536100387573,2.675661087036133
11892,-1.172195,-2.058640241622925,4.153652191162109
11893,-1.820571,-4.007962226867676,4.6565728187561035
11894,-2.048179,-5.338980197906494,4.275661945343018
11895,-2.006657,-5.078857898712158,2.220149040222168
11896,-1.716908,-3.510986089706421,0.5450909733772278
11897,-1.149222,-1.6270947456359863,-1.1721949577331543
11898,-0.228439,-0.7218394875526428,-1.820570945739746
11899,0.571559,-0.4265008270740509,-2.0481789112091064
11900,1.026191,-0.338363915681839,-2.0066568851470947
11901,0.971982,-0.3788498342037201,-1.7169079780578613
11902,0.278523,-0.6194397807121277,-1.1492220163345337
11903,-1.26482,-0.5144301056861877,-0.22843900322914124
11904,-1.921232,-0.4346975088119507,0.5715590119361877
11905,-1.744444,-0.9500536322593689,1.026190996170044
11906,-0.554729,-0.5135175585746765,0.9719820022583008
11907,0.58708,0.14371921122074127,0.2785229980945587
11908,2.124849,1.2437095642089844,-1.2648199796676636
11909,3.753496,2.0224335193634033,-1.921231985092163
11910,4.012201,1.9943716526031494,-1.7444440126419067
11911,3.534427,1.6343441009521484,-0.5547289848327637
11912,1.641622,1.150983214378357,0.5870800018310547
11913,0.289582,0.7862237691879272,2.1248490810394287
11914,-1.738511,-0.4166141748428345,3.753495931625366
11915,-2.604802,-2.2584896087646484,4.012200832366943
11916,-2.64468,-3.7163643836975098,3.5344269275665283
11917,-2.357024,-3.5472941398620605,1.6416219472885132
11918,-1.790461,-2.577119827270508,0.2895820140838623
11919,-1.654692,-2.1164369583129883,-1.7385109663009644
11920,-1.570065,-1.371177315711975,-2.604801893234253
11921,-1.199328,-0.02414330281317234,-2.6446800231933594
11922,-0.795927,0.7737779021263123,-2.3570239543914795
11923,-0.22769,1.4910914897918701,-1.7904609441757202
11924,0.174115,2.3926138877868652,-1.6546920537948608
11925,1.733687,3.1660284996032715,-1.5700650215148926
11926,3.711182,3.2340550422668457,-1.1993279457092285
11927,5.520527,2.824493646621704,-0.7959269881248474
11928,6.328443,2.2286946773529053,-0.22768999636173248
11929,6.411188,1.5814402103424072,0.17411500215530396
11930,4.726003,0.8373334407806396,1.7336870431900024
11931,0.396864,-1.1273071765899658,3.711182117462158
11932,-4.387866,-4.461012363433838,5.520526885986328
11933,-8.656519,-7.722924709320068,6.3284430503845215
11934,-11.043767,-8.836931228637695,6.411188125610352
11935,-10.861427,-7.422886848449707,4.726003170013428
11936,-5.973721,-3.080951690673828,0.39686399698257446
11937,2.723298,2.2363667488098145,-4.387866020202637
11938,10.046063,8.151464462280273,-8.656518936157227
11939,13.951866,11.520621299743652,-11.043766975402832
11940,14.174059,11.344273567199707,-10.861427307128906
11941,10.068793,8.82491683959961,-5.973721027374268
11942,3.089582,2.954953193664551,2.7232980728149414
11943,-6.555299,-3.432753562927246,10.046063423156738
11944,-13.932463,-9.976944923400879,13.951866149902344
11945,-17.904175,-14.929458618164062,14.17405891418457
11946,-15.420594,-13.610068321228027,10.068793296813965
11947,-6.609617,-7.450192451477051,3.0895819664001465
11948,6.813015,0.9142013192176819,-6.555298805236816
11949,16.330056,8.451692581176758,-13.932462692260742
11950,19.619817,13.725320816040039,-17.9041748046875
11951,14.34004,13.174697875976562,-15.420594215393066
11952,6.842405,6.73408317565918,-6.609617233276367
11953,-2.395021,-2.3187248706817627,6.813014984130859
11954,-12.250372,-10.1598539352417,16.330055236816406
11955,-17.121032,-14.75339126586914,19.61981773376465
11956,-17.477193,-13.628985404968262,14.34004020690918
11957,-10.609478,-7.738423824310303,6.842404842376709
11958,-2.8212,-1.1200604438781738,-2.3950209617614746
11959,7.705181,6.612051010131836,-12.250371932983398
11960,14.266654,12.884354591369629,-17.12103271484375
11961,16.06212,13.575823783874512,-17.47719383239746
11962,14.025087,10.18068790435791,-10.609477996826172
11963,7.005136,4.090707302093506,-2.821199893951416
11964,1.035262,-2.9709548950195312,7.705181121826172
11965,-5.926005,-8.867593765258789,14.266654014587402
11966,-11.112707,-12.603193283081055,16.06212043762207
11967,-13.790776,-12.79174518585205,14.025087356567383
11968,-12.519883,-8.694793701171875,7.005136013031006
11969,-7.840181,-3.21116304397583,1.0352619886398315
11970,0.474981,3.328843593597412,-5.926004886627197
11971,7.200755,8.842101097106934,-11.112707138061523
11972,11.675957,11.837262153625488,-13.790776252746582
11973,13.171214,11.458845138549805,-12.519883155822754
11974,10.465507,8.37915325164795,-7.84018087387085
11975,5.266921,2.812509059906006,0.47498100996017456
11976,-1.691739,-2.6105620861053467,7.2007551193237305
11977,-6.988828,-6.482307434082031,11.675956726074219
11978,-10.372429,-9.447665214538574,13.17121410369873
11979,-11.397312,-10.554607391357422,10.465506553649902
11980,-8.64928,-6.809527397155762,5.266921043395996
11981,-3.24094,-0.8793455362319946,-1.6917389631271362
11982,3.122392,4.005022048950195,-6.988828182220459
11983,7.346524,7.550557613372803,-10.372428894042969
11984,9.35137,9.1605863571167,-11.39731216430664
11985,9.200907,8.520383834838867,-8.649279594421387
11986,5.765158,6.302131652832031,-3.2409400939941406
11987,-0.348558,1.7338889837265015,3.122391939163208
11988,-4.840602,-1.7854721546173096,7.346523761749268
11989,-7.468751,-4.3773884773254395,9.351369857788086
11990,-7.788009,-5.526651859283447,9.200906753540039
11991,-6.027418,-4.716218948364258,5.765158176422119
11992,-2.582271,-0.7684866786003113,-0.3485580086708069
11993,1.165979,3.3705010414123535,-4.840601921081543
11994,3.433333,6.570438385009766,-7.468750953674316
11995,4.377274,7.843287467956543,-7.788009166717529
11996,4.996055,7.687870502471924,-6.02741813659668
11997,4.955572,6.342198371887207,-2.582271099090576
11998,3.719821,3.9753196239471436,1.165979027748108
11999,1.809458,1.5038021802902222,3.433332920074463
12000,-0.876895,-0.6728677749633789,4.377274036407471
12001,-2.838474,-2.595447063446045,4.9960551261901855
12002,-5.101991,-3.5891387462615967,4.955572128295898
12003,-5.451738,-4.383109092712402,3.719820976257324
12004,-4.34436,-3.6390621662139893,1.8094580173492432
12005,-2.637399,-1.7790600061416626,-0.876895010471344
12006,-0.975482,0.11787793040275574,-2.8384740352630615
12007,1.953409,2.2882637977600098,-5.101991176605225
12008,3.835053,4.209085941314697,-5.451737880706787
12009,5.259257,5.2352190017700195,-4.344359874725342
12010,5.05293,4.856903076171875,-2.6373989582061768
12011,3.918341,3.9705801010131836,-0.9754819869995117
12012,2.633019,2.6125009059906006,1.95340895652771
12013,0.695518,0.9362877011299133,3.835052967071533
12014,-0.392463,-0.8545345664024353,5.259256839752197
12015,-1.845661,-2.3778140544891357,5.052929878234863
12016,-3.318814,-3.414308547973633,3.9183409214019775
12017,-4.248349,-3.524052143096924,2.633018970489502
12018,-4.641132,-2.920470952987671,0.6955180168151855
12019,-4.000785,-2.582230567932129,-0.39246299862861633
12020,-2.624534,-1.3468170166015625,-1.8456610441207886
12021,-0.748967,0.5594680905342102,-3.3188140392303467
12022,0.715476,2.41583514213562,-4.248349189758301
12023,1.955481,4.008884429931641,-4.64113187789917
12024,3.941063,4.450511455535889,-4.000784873962402
12025,5.234262,4.229415416717529,-2.6245338916778564
12026,6.068088,3.3590588569641113,-0.7489669919013977
12027,5.447947,2.396257162094116,0.7154759764671326
12028,3.751619,1.0426535606384277,1.9554810523986816
12029,-0.220376,-1.1708804368972778,3.9410629272460938
12030,-2.9576,-3.7518680095672607,5.234261989593506
12031,-5.321184,-5.483686923980713,6.068088054656982
12032,-6.249896,-6.291550636291504,5.447947025299072
12033,-5.794561,-5.411167144775391,3.7516191005706787
12034,-4.823818,-2.542611837387085,-0.22037599980831146
12035,-2.453988,0.014807580038905144,-2.9576001167297363
12036,-0.503605,2.1745243072509766,-5.321184158325195
12037,2.213402,3.38063907623291,-6.249896049499512
12038,4.596377,4.077001094818115,-5.79456090927124
12039,6.469664,4.399930477142334,-4.823818206787109
12040,7.228529,4.1768670082092285,-2.4539880752563477
12041,5.924327,3.3447823524475098,-0.5036050081253052
12042,2.721995,1.8490263223648071,2.213402032852173
12043,-1.872625,-0.6927258968353271,4.596376895904541
12044,-5.353013,-3.4834933280944824,6.469664096832275
12045,-7.431572,-5.765662670135498,7.22852897644043
12046,-8.262387,-6.074540138244629,5.9243268966674805
12047,-6.257252,-4.294203281402588,2.7219951152801514
12048,-0.781069,-1.6128945350646973,-1.8726249933242798
12049,4.31325,1.800716757774353,-5.353013038635254
12050,7.868033,5.293379306793213,-7.431571960449219
12051,9.275256,7.502762794494629,-8.2623872756958
12052,8.073885,7.129636287689209,-6.257252216339111
12053,4.320329,4.401472091674805,-0.7810689806938171
12054,-1.427687,0.3378063440322876,4.3132500648498535
12055,-5.911921,-3.3972365856170654,7.868032932281494
12056,-8.544459,-5.8935866355896,9.275256156921387
12057,-9.866725,-7.47943639755249,8.073884963989258
12058,-8.363969,-5.444406032562256,4.320329189300537
12059,-3.350687,-1.2227199077606201,-1.4276870489120483
12060,1.903937,2.3535704612731934,-5.91192102432251
12061,6.342303,5.629849433898926,-8.544459342956543
12062,8.766306,7.880478858947754,-9.866724967956543
12063,9.853762,8.689233779907227,-8.363968849182129
12064,7.969996,6.683784484863281,-3.350687026977539
12065,3.811705,3.3538031578063965,1.9039369821548462
12066,-0.211242,-0.2687411606311798,6.3423027992248535
12067,-3.475038,-3.498103380203247,8.766305923461914
12068,-7.656244,-6.126682758331299,9.853761672973633
12069,-9.264684,-7.104344844818115,7.969995975494385
12070,-8.581632,-6.2863030433654785,3.8117051124572754
12071,-5.043288,-4.028430938720703,-0.21124200522899628
12072,-1.673646,-0.5159754157066345,-3.4750380516052246
12073,0.835328,3.239467144012451,-7.656243801116943
12074,4.535687,6.376521110534668,-9.264683723449707
12075,6.431266,7.401348114013672,-8.581631660461426
12076,7.453799,6.492690563201904,-5.043288230895996
12077,6.731714,5.323422908782959,-1.6736459732055664
12078,5.035896,4.050375938415527,0.8353279829025269
12079,2.763473,2.0086915493011475,4.53568696975708
12080,-1.012474,-0.018372012302279472,6.431265830993652
12081,-2.839448,-1.7315831184387207,7.453798770904541
12082,-2.765614,-3.3647754192352295,6.731713771820068
12083,-1.744388,-4.494132041931152,5.035895824432373
12084,-1.119806,-4.588556289672852,2.7634730339050293
12085,-1.243395,-3.0695338249206543,-1.0124739408493042
12086,-2.10022,-1.3171337842941284,-2.8394479751586914
12087,-3.40647,-0.6954246759414673,-2.7656140327453613
12088,-3.965184,-0.729447603225708,-1.7443879842758179
12089,-3.766957,-0.9206289649009705,-1.1198060512542725
12090,-2.936912,-0.6947227716445923,-1.2433949708938599
12091,-0.812407,0.3086245059967041,-2.100219964981079
12092,0.939577,1.8607887029647827,-3.4064700603485107
12093,3.127174,3.5681357383728027,-3.965183973312378
12094,4.9291,4.1615800857543945,-3.7669570446014404
12095,6.011838,4.212386131286621,-2.9369120597839355
12096,6.036843,3.5917069911956787,-0.8124070167541504
12097,4.671033,2.2701520919799805,0.9395769834518433
12098,2.280387,0.6832770705223083,3.127173900604248
12099,-0.06639,-1.2757569551467896,4.929100036621094
12100,-1.238462,-3.0677907466888428,6.011837959289551
12101,-2.139286,-4.421273708343506,6.0368428230285645
12102,-3.662534,-5.441432476043701,4.671032905578613
12103,-4.979252,-5.154506206512451,2.2803869247436523
12104,-5.877596,-4.714072227478027,-0.06639000028371811
12105,-5.509514,-3.8797826766967773,-1.238461971282959
12106,-4.458115,-2.549391984939575,-2.1392860412597656
12107,-1.407847,-0.7603515982627869,-3.66253399848938
12108,1.031204,1.3908721208572388,-4.979251861572266
12109,4.019414,3.7349987030029297,-5.877595901489258
12110,6.859083,5.247286319732666,-5.509513854980469
12111,7.96375,5.714198112487793,-4.458115100860596
12112,7.652367,5.691157817840576,-1.4078470468521118
12113,4.398803,3.9869439601898193,1.0312039852142334
12114,0.550968,1.40142822265625,4.019413948059082
12115,-4.520041,-2.656137228012085,6.85908317565918
12116,-7.024371,-7.162681579589844,7.963749885559082
12117,-7.471665,-10.196357727050781,7.652367115020752
12118,-6.580376,-9.458331108093262,4.398803234100342
12119,-4.013911,-5.80695104598999,0.5509679913520813
12120,-1.744475,-0.8120800852775574,-4.520040988922119
12121,0.932203,2.4251434803009033,-7.024371147155762
12122,3.072805,3.866079330444336,-7.471664905548096
12123,4.332705,4.293514251708984,-6.580376148223877
12124,5.200492,3.9636483192443848,-4.01391077041626
12125,4.686812,3.4033355712890625,-1.74447500705719
12126,2.778429,2.7349002361297607,0.9322029948234558
12127,0.804266,1.4515764713287354,3.0728049278259277
12128,-0.857562,-0.6393489241600037,4.332705020904541
12129,-2.202269,-2.067946672439575,5.200491905212402
12130,-3.980483,-2.8541431427001953,4.686811923980713
12131,-4.375399,-2.96347713470459,2.7784290313720703
12132,-2.818283,-2.268620252609253,0.8042659759521484
12133,-0.092759,-1.146300196647644,-0.8575620055198669
12134,2.399757,0.2664600610733032,-2.2022690773010254
12135,5.619202,2.1810214519500732,-3.980483055114746
12136,6.295221,3.601386070251465,-4.375399112701416
12137,5.143559,3.8189122676849365,-2.8182830810546875
12138,2.200442,2.5197644233703613,-0.09275899827480316
12139,-0.165211,-0.49417993426322937,2.399756908416748
12140,-2.095542,-3.2865793704986572,5.619202136993408
12141,-5.12867,-4.945833683013916,6.295220851898193
12142,-6.811197,-5.995672702789307,5.143558979034424
12143,-6.820421,-5.864855766296387,2.20044207572937
12144,-4.720211,-4.23491907119751,-0.1652110069990158
12145,-2.109725,-1.3651365041732788,-2.0955419540405273
12146,2.672218,2.4328482151031494,-5.1286702156066895
12147,5.390496,3.9906952381134033,-6.811196804046631
12148,7.022732,5.939097881317139,-6.82042121887207
12149,6.265386,6.708024501800537,-4.720211029052734
12150,4.680015,5.4601216316223145,-2.109724998474121
12151,3.453236,2.7478201389312744,2.672218084335327
12152,1.769715,-0.06583106517791748,5.390495777130127
12153,0.721483,-2.460186004638672,7.022731781005859
12154,-1.046136,-4.237640380859375,6.26538610458374
12155,-2.782135,-4.573491096496582,4.6800150871276855
12156,-4.113797,-4.515768051147461,3.4532361030578613
12157,-5.091278,-3.9781723022460938,1.7697149515151978
12158,-5.879548,-3.916686534881592,0.7214829921722412
12159,-5.411783,-2.81256103515625,-1.0461360216140747
12160,-3.415598,-1.0218497514724731,-2.782135009765625
12161,-1.158,0.641122579574585,-4.113797187805176
12162,0.772403,2.804835081100464,-5.091278076171875
12163,3.712411,5.08038854598999,-5.879548072814941
12164,5.331266,5.849376201629639,-5.411783218383789
12165,6.211044,5.941989898681641,-3.415597915649414
12166,5.575657,4.600836277008057,-1.1579999923706055
12167,4.160587,2.7104427814483643,0.7724030017852783
12168,2.812966,0.9516792893409729,3.7124109268188477
12169,0.621248,-0.7746792435646057,5.331265926361084
12170,-1.022184,-2.216770887374878,6.211043834686279
12171,-3.194655,-3.429382801055908,5.575656890869141
12172,-4.821801,-4.811776161193848,4.160586833953857
12173,-5.657232,-5.561312198638916,2.8129661083221436
12174,-5.630537,-5.088467121124268,0.6212480068206787
12175,-4.662376,-4.20992374420166,-1.0221840143203735
12176,-2.605181,-2.4486591815948486,-3.194654941558838
12177,0.421206,-0.2698023021221161,-4.82180118560791
12178,2.94917,1.9533584117889404,-5.65723180770874
12179,4.605303,3.563649892807007,-5.630537033081055
12180,6.101334,4.514589309692383,-4.6623759269714355
12181,5.898741,4.777588367462158,-2.6051809787750244
12182,4.134351,3.83014178276062,0.421205997467041
12183,1.850524,1.6973944902420044,2.9491701126098633
12184,-0.203285,-0.4896795451641083,4.605302810668945
12185,-3.219129,-2.4219541549682617,6.101334095001221
12186,-4.700558,-3.9289050102233887,5.898740768432617
12187,-5.359831,-4.642760276794434,4.134350776672363
12188,-4.326094,-4.270308017730713,1.8505239486694336
12189,-2.351266,-3.26554274559021,-0.20328499376773834
12190,-0.480045,-1.4796675443649292,-3.2191290855407715
12191,2.357033,0.19583368301391602,-4.700558185577393
12192,3.690032,1.662452220916748,-5.359830856323242
12193,3.722445,2.769411325454712,-4.326094150543213
12194,2.724707,3.105863571166992,-2.3512659072875977
12195,1.412657,2.6317434310913086,-0.48004499077796936
12196,0.007105,1.2287874221801758,2.3570330142974854
12197,-0.665545,-0.05066976696252823,3.6900320053100586
12198,-1.138466,-1.0750197172164917,3.722445011138916
12199,-1.261755,-1.4405637979507446,2.7247068881988525
12200,-1.07578,-1.0578850507736206,1.4126570224761963
12201,-0.764393,-0.7009513974189758,0.007104999851435423
12202,-0.023938,-0.43812909722328186,-0.6655449867248535
12203,0.712972,0.043527547270059586,-1.1384660005569458
12204,1.803216,0.2108781486749649,-1.2617549896240234
12205,2.297374,0.03197038546204567,-1.0757800340652466
12206,2.116843,-0.11929743736982346,-0.7643929719924927
12207,1.408238,-0.06624578684568405,-0.023938000202178955
12208,-0.358079,-0.15789130330085754,0.7129719853401184
12209,-1.585614,-0.7792111039161682,1.8032159805297852
12210,-1.911338,-1.9423335790634155,2.2973740100860596
12211,-1.264498,-2.226996660232544,2.1168429851531982
12212,-0.462262,-2.1408989429473877,1.4082380533218384
12213,0.856925,-1.7163070440292358,-0.3580789864063263
12214,1.554931,-0.44815176725387573,-1.5856139659881592
12215,1.862987,0.3443417549133301,-1.911337971687317
12216,1.592603,0.09218017011880875,-1.264497995376587
12217,1.025042,0.11345397680997849,-0.46226200461387634
12218,0.35707,-0.09163624048233032,0.8569250106811523
12219,-1.268333,-0.8215312361717224,1.5549310445785522
12220,-2.614307,-1.6293412446975708,1.8629870414733887
12221,-3.309159,-1.8981930017471313,1.5926029682159424
12222,-2.342851,-1.685423493385315,1.0250420570373535
12223,-0.680331,-1.1242671012878418,0.3570699989795685
12224,2.554263,0.2932489216327667,-1.2683329582214355
12225,4.541079,1.8115438222885132,-2.614306926727295
12226,5.831268,2.836988687515259,-3.30915904045105
12227,5.48346,3.514577865600586,-2.342850923538208
12228,3.94161,2.8972678184509277,-0.6803309917449951
12229,2.027813,0.7474815249443054,2.554263114929199
12230,-2.156908,-2.0461339950561523,4.541079044342041
12231,-5.27916,-5.107000350952148,5.831267833709717
12232,-7.979075,-6.831757068634033,5.483459949493408
12233,-7.80891,-6.592781066894531,3.941610097885132
12234,-5.788328,-4.976461887359619,2.027812957763672
12235,-2.829741,-1.5202170610427856,-2.1569080352783203
12236,2.828596,2.083164691925049,-5.279160022735596
12237,6.750571,4.864362716674805,-7.979074954986572
12238,9.224166,6.70129919052124,-7.808909893035889
12239,9.067972,7.054299831390381,-5.788328170776367
12240,7.675289,5.643572807312012,-2.8297410011291504
12241,3.653609,2.568471908569336,2.8285961151123047
12242,0.026992,-1.78675377368927,6.750570774078369
12243,-5.776509,-6.003337860107422,9.224165916442871
12244,-10.114714,-9.169642448425293,9.067972183227539
12245,-11.806412,-10.135499000549316,7.675289154052734
12246,-10.868547,-8.387545585632324,3.653609037399292
12247,-5.418239,-4.619991302490234,0.02699200063943863
12248,0.399402,0.0013873837888240814,-5.776508808135986
12249,7.287931,5.403023719787598,-10.114713668823242
12250,11.400705,9.497612953186035,-11.806411743164062
12251,12.601335,10.35393238067627,-10.868547439575195
12252,10.18819,9.321714401245117,-5.418239116668701
12253,6.248499,6.117020130157471,0.399401992559433
12254,0.88657,1.1554930210113525,7.287930965423584
12255,-5.557118,-3.862368106842041,11.400705337524414
12256,-9.855436,-9.943989753723145,12.601334571838379
12257,-11.930003,-13.561692237854004,10.188190460205078
12258,-11.536202,-11.581544876098633,6.248498916625977
12259,-7.985104,-6.835626125335693,0.8865699768066406
12260,-2.053373,-0.9261317849159241,-5.557117938995361
12261,2.735429,4.196804523468018,-9.855436325073242
12262,6.522686,7.795793533325195,-11.93000316619873
12263,10.506513,9.503925323486328,-11.536202430725098
12264,11.37954,8.9493408203125,-7.985104084014893
12265,9.563325,5.682929515838623,-2.053373098373413
12266,4.595703,1.5772910118103027,2.735429048538208
12267,0.332525,-2.4303743839263916,6.522686004638672
12268,-2.914796,-5.596337795257568,10.506512641906738
12269,-6.913785,-7.893887996673584,11.37954044342041
12270,-8.239636,-9.272698402404785,9.563324928283691
12271,-7.77317,-8.501338005065918,4.595703125
12272,-6.210424,-5.581377029418945,0.33252501487731934
12273,-4.593762,-1.9351222515106201,-2.9147961139678955
12274,-2.912329,1.6969965696334839,-6.913784980773926
12275,-0.261193,3.8453540802001953,-8.239636421203613
12276,1.912319,4.763095378875732,-7.773169994354248
12277,4.224318,4.755597114562988,-6.210423946380615
12278,5.335575,4.60602331161499,-4.593761920928955
12279,5.48507,4.341156959533691,-2.9123289585113525
12280,4.435537,3.79909348487854,-0.26119300723075867
12281,3.143054,2.6368567943573,1.9123189449310303
12282,1.581721,0.9774838089942932,4.224318027496338
12283,0.647041,-0.3318922221660614,5.335575103759766
12284,-0.042133,-2.0439038276672363,5.48507022857666
12285,-0.675756,-3.667879581451416,4.435536861419678
12286,-1.67402,-3.3704473972320557,3.1430540084838867
12287,-2.207958,-2.5611088275909424,1.5817209482192993
12288,-2.347792,-2.2649214267730713,0.6470410227775574
12289,-2.206043,-1.8753329515457153,-0.04213299974799156
12290,-2.035943,-1.249862551689148,-0.6757559776306152
12291,-1.734955,-0.23057958483695984,-1.6740200519561768
12292,-1.403089,0.6779851913452148,-2.2079579830169678
12293,-0.727638,0.9853413105010986,-2.347791910171509
12294,0.680818,1.3955384492874146,-2.206043004989624
12295,2.116247,2.13714337348938,-2.035943031311035
12296,3.216316,2.704169273376465,-1.7349549531936646
12297,4.363242,2.884991407394409,-1.4030890464782715
12298,4.308465,2.6836063861846924,-0.7276380062103271
12299,3.299439,1.9196841716766357,0.6808180212974548
12300,2.047339,1.122920274734497,2.1162469387054443
12301,0.775152,0.04879457503557205,3.216315984725952
12302,-1.764304,-1.9813008308410645,4.363242149353027
12303,-3.815572,-4.412771224975586,4.308465003967285
12304,-5.959838,-5.33554220199585,3.299438953399658
12305,-6.526225,-5.175229549407959,2.0473389625549316
12306,-4.965779,-4.293438911437988,0.7751520276069641
12307,-2.722064,-1.8980153799057007,-1.7643040418624878
12308,1.681284,0.7368385195732117,-3.8155720233917236
12309,4.563953,3.318502902984619,-5.959837913513184
12310,6.752946,5.3650431632995605,-6.5262250900268555
12311,6.905982,5.864162445068359,-4.965778827667236
12312,5.972476,5.172313690185547,-2.7220640182495117
12313,4.573031,3.0503604412078857,1.681283950805664
12314,1.485303,0.286460280418396,4.563952922821045
12315,-1.264525,-2.317821502685547,6.752945899963379
12316,-4.413434,-4.5925798416137695,6.90598201751709
12317,-6.17866,-5.848851203918457,5.972476005554199
12318,-6.684774,-6.173190116882324,4.573030948638916
12319,-5.45887,-5.5418524742126465,1.4853030443191528
12320,-3.416992,-3.27421236038208,-1.264525055885315
12321,0.000579,-0.615802526473999,-4.413434028625488
12322,2.650758,2.411088466644287,-6.178659915924072
12323,4.367069,4.717949867248535,-6.684773921966553
12324,5.447145,5.452894687652588,-5.458869934082031
12325,5.740556,5.265382766723633,-3.416991949081421
12326,4.697378,4.024329662322998,0.0005789999850094318
12327,2.372361,2.265352487564087,2.6507580280303955
12328,0.345194,0.740372896194458,4.367068767547607
12329,-0.95464,-1.103182315826416,5.447144985198975
12330,-2.202053,-3.1345126628875732,5.740555763244629
12331,-2.495353,-3.7952489852905273,4.697378158569336
12332,-2.335912,-3.5071277618408203,2.372360944747925
12333,-1.729651,-2.4115219116210938,0.345194011926651
12334,-1.110126,-1.4558236598968506,-0.9546399712562561
12335,-0.572953,-1.2036927938461304,-2.2020530700683594
12336,0.348191,-0.6266912817955017,-2.4953529834747314
12337,0.892382,-0.2382073700428009,-2.335911989212036
12338,1.031584,-0.20445899665355682,-1.7296509742736816
12339,0.626724,0.07869583368301392,-1.11012601852417
12340,0.11828,0.5172271132469177,-0.5729529857635498
12341,-0.588638,0.4556278884410858,0.3481909930706024
12342,-0.627137,0.005827777087688446,0.892382025718689
12343,0.071517,-0.2912732660770416,1.0315840244293213
12344,1.635882,0.10783042013645172,0.6267240047454834
12345,2.785645,0.43980711698532104,0.11828000098466873
12346,3.336922,1.0023919343948364,-0.5886380076408386
12347,3.238169,1.1843446493148804,-0.6271370053291321
12348,2.385527,0.9697360992431641,0.07151699811220169
12349,0.621615,0.3091731369495392,1.635882019996643
12350,-1.074902,-0.8481443524360657,2.785645008087158
12351,-2.601504,-2.134100914001465,3.3369219303131104
12352,-3.649292,-3.3874659538269043,3.238168954849243
12353,-4.475485,-3.859182357788086,2.3855268955230713
12354,-3.869609,-3.6539456844329834,0.6216149926185608
12355,-1.812515,-2.574449062347412,-1.074902057647705
12356,0.375635,-1.19795823097229,-2.60150408744812
12357,2.184059,0.3784981966018677,-3.6492919921875
12358,4.606249,2.8941400051116943,-4.475484848022461
12359,5.418739,4.173955917358398,-3.8696091175079346
12360,4.965688,4.064859390258789,-1.8125150203704834
12361,3.516102,3.5901830196380615,0.3756349980831146
12362,1.790539,2.7598867416381836,2.184058904647827
12363,0.314906,0.8171790242195129,4.60624885559082
12364,-2.362293,-3.0399699211120605,5.418738842010498
12365,-4.108229,-5.2668890953063965,4.965688228607178
12366,-5.017477,-5.36976432800293,3.5161020755767822
12367,-4.455655,-4.454807281494141,1.790539026260376
12368,-3.279835,-3.1124985218048096,0.3149060010910034
12369,-0.711229,-1.2733179330825806,-2.362293004989624
12370,1.042306,0.7189053297042847,-4.108229160308838
12371,2.739928,2.912057638168335,-5.017477035522461
12372,3.925357,4.211363792419434,-4.455655097961426
12373,4.344018,4.359767913818359,-3.2798349857330322
12374,4.243501,3.3408257961273193,-0.7112290263175964
12375,3.309811,1.4275236129760742,1.0423059463500977
12376,1.889117,-0.12764862179756165,2.7399280071258545
12377,-0.360779,-1.9257240295410156,3.9253571033477783
12378,-2.307646,-3.0360476970672607,4.34401798248291
12379,-3.631041,-3.586477041244507,4.24350118637085
12380,-4.487622,-4.137294292449951,3.3098111152648926
12381,-4.140772,-3.3825855255126953,1.8891170024871826
12382,-2.71892,-2.1322038173675537,-0.3607789874076843
12383,-0.402394,-0.38170871138572693,-2.3076460361480713
12384,1.329618,1.6335632801055908,-3.6310410499572754
12385,2.579501,3.0518639087677,-4.487621784210205
12386,3.882121,3.4775567054748535,-4.140771865844727
12387,4.165812,3.5027246475219727,-2.7189199924468994
12388,3.627799,2.554344654083252,-0.40239399671554565
12389,2.769689,1.2623111009597778,1.329617977142334
12390,1.350483,0.9564611911773682,2.579500913619995
12391,0.219455,-0.6281692981719971,3.8821210861206055
12392,-1.692722,-2.356562614440918,4.165812015533447
12393,-2.910831,-4.205864906311035,3.6277990341186523
12394,-3.594943,-4.069035053253174,2.7696890830993652
12395,-3.401961,-2.9514944553375244,1.3504829406738281
12396,-2.80654,-1.3567638397216797,0.21945500373840332
12397,-1.130023,0.4014992117881775,-1.692721962928772
12398,0.168172,2.233812093734741,-2.9108309745788574
12399,1.781875,3.6695716381073,-3.594943046569824
12400,2.732113,4.210537433624268,-3.401961088180542
12401,3.162531,4.002434253692627,-2.806540012359619
12402,3.213891,3.1626687049865723,-1.1300230026245117
12403,2.75609,2.0376181602478027,0.16817200183868408
12404,1.983117,0.32747915387153625,1.7818750143051147
12405,0.832532,-1.0828588008880615,2.7321128845214844
12406,-0.086872,-2.05513334274292,3.1625308990478516
12407,-0.752659,-2.7988874912261963,3.21389102935791
12408,-1.581368,-3.919062614440918,2.756089925765991
12409,-1.91659,-4.696013450622559,1.9831169843673706
12410,-1.953275,-4.338707447052002,0.8325319886207581
12411,-1.448005,-4.034255027770996,-0.08687199652194977
12412,-0.775633,-2.7491583824157715,-0.752659022808075
12413,-0.175398,-0.9442228078842163,-1.5813679695129395
12414,0.873441,0.047231439501047134,-1.9165899753570557
12415,1.503673,1.0136569738388062,-1.9532749652862549
12416,1.867096,2.1300156116485596,-1.448004961013794
12417,1.811338,2.143704891204834,-0.7756329774856567
12418,1.574853,1.0297855138778687,-0.17539800703525543
12419,1.067923,0.1062147319316864,0.8734409809112549
12420,0.731631,-0.42910218238830566,1.5036729574203491
12421,0.426868,-0.5168373584747314,1.867095947265625
12422,0.144529,-0.7522854804992676,1.811337947845459
12423,-0.069066,-1.0569010972976685,1.5748529434204102
12424,-0.240118,-0.9940850138664246,1.0679229497909546
12425,-0.455096,-1.0359563827514648,0.7316309809684753
12426,-0.50804,-1.060172200202942,0.4268679916858673
12427,-0.39078,-1.2298775911331177,0.14452899992465973
12428,-0.199679,-1.119698166847229,-0.06906600296497345
12429,-0.005728,-0.7907171249389648,-0.24011799693107605
12430,0.323842,-0.46355894207954407,-0.4550960063934326
12431,0.572425,-0.40073761343955994,-0.5080400109291077
12432,0.882492,-0.2777947783470154,-0.3907800018787384
12433,1.191257,0.44931891560554504,-0.19967900216579437
12434,1.334135,0.7135254144668579,-0.005727999843657017
12435,1.351747,0.46866554021835327,0.32384198904037476
12436,1.170129,0.2520677149295807,0.5724250078201294
12437,0.897903,0.07713805139064789,0.8824920058250427
12438,0.398825,-0.14004263281822205,1.1912569999694824
12439,-0.068353,-0.25521570444107056,1.3341350555419922
12440,-0.473887,-0.47424444556236267,1.3517470359802246
12441,-0.765557,-0.29970818758010864,1.1701289415359497
12442,-0.986425,0.11071337014436722,0.8979030251502991
12443,-0.83734,0.4107719361782074,0.3988249897956848
12444,-0.332506,0.32712703943252563,-0.06835299730300903
12445,0.228386,0.3825679123401642,-0.47388699650764465
12446,0.684481,0.49028822779655457,-0.7655569911003113
12447,1.279969,0.0951424092054367,-0.98642498254776
12448,1.529536,0.29156219959259033,-0.8373399972915649
12449,1.620314,0.8122270107269287,-0.332506000995636
12450,1.481065,1.6642521619796753,0.22838599979877472
12451,1.230213,2.240091562271118,0.6844810247421265
12452,0.923695,1.6368341445922852,1.2799689769744873
12453,0.318886,1.3690425157546997,1.5295360088348389
12454,-0.194699,-0.11033827811479568,1.6203140020370483
12455,-0.813802,-1.7855331897735596,1.481065034866333
12456,-1.139704,-2.376383066177368,1.2302130460739136
12457,-1.195945,-2.2664756774902344,0.9236950278282166
12458,-0.853056,-2.477907180786133,0.31888601183891296
12459,-0.416482,-2.6233298778533936,-0.1946990042924881
12460,0.254476,-1.8139982223510742,-0.8138020038604736
12461,1.05694,-1.9595208168029785,-1.1397039890289307
12462,1.524113,0.09070555120706558,-1.1959450244903564
12463,1.733727,0.9030435085296631,-0.853056013584137
12464,1.754705,0.9371431469917297,-0.41648200154304504
12465,1.521284,0.7743664979934692,0.25447601079940796
12466,0.990153,0.6874333024024963,1.056939959526062
12467,0.515856,-0.3615093529224396,1.5241130590438843
12468,0.14066,-1.1363797187805176,1.733726978302002
12469,-0.161563,-1.0292136669158936,1.7547049522399902
12470,-0.56844,-1.0075000524520874,1.5212839841842651
12471,-0.742014,-1.3108372688293457,0.9901530146598816
12472,-0.722242,-1.14202880859375,0.5158560276031494
12473,-0.536806,-1.1286708116531372,0.14066000282764435
12474,-0.311406,-1.0691816806793213,-0.1615629941225052
12475,0.159034,-1.0331178903579712,-0.5684400200843811
12476,0.52499,-0.7144169807434082,-0.7420139908790588
12477,1.004571,-0.4414687156677246,-0.722241997718811
12478,1.309487,-0.08642401546239853,-0.5368059873580933
12479,1.439467,0.3148868680000305,-0.3114059865474701
12480,1.426772,0.910478413105011,0.15903399884700775
12481,1.209243,1.4662293195724487,0.5249900221824646
12482,0.892718,1.396435260772705,1.0045709609985352
12483,0.467212,1.0370612144470215,1.309486985206604
12484,0.149695,-0.34457525610923767,1.439466953277588
12485,-0.065003,-1.9600849151611328,1.4267719984054565
12486,-0.328846,-2.4518041610717773,1.2092430591583252
12487,-0.416704,-2.5662763118743896,0.8927180171012878
12488,-0.39778,-2.2882449626922607,0.4672119915485382
12489,-0.243991,-1.515377163887024,0.1496949940919876
12490,-0.095095,0.4347238540649414,-0.06500300019979477
12491,0.034799,1.5511600971221924,-0.3288460075855255
12492,0.256535,1.5934361219406128,-0.416703999042511
12493,0.418215,1.1562631130218506,-0.39778000116348267
12494,0.640689,0.7719035148620605,-0.24399100244045258
12495,0.86832,1.2592495679855347,-0.09509500116109848
12496,1.058014,2.117462158203125,0.0347989983856678
12497,1.235443,2.0360074043273926,0.25653499364852905
